tracker_id,frames,x1,y1,x2,y2,speed
1,1,2944.9033203125,1273.293212890625,3225.994140625,1497.255859375,-1.0
2,1,1432.488037109375,1087.1912841796875,1623.9114990234375,1230.2669677734375,-1.0
3,1,1471.908935546875,1004.4083862304688,1627.9141845703125,1123.3671875,-1.0
1,2,2926.51416015625,1262.474609375,3203.037109375,1482.35693359375,-1.0
2,2,1432.34326171875,1094.005859375,1625.322509765625,1239.048828125,-1.0
3,2,1471.9840087890625,1011.0639038085938,1628.19873046875,1135.216796875,-1.0
1,3,2908.116943359375,1251.568359375,3180.04541015625,1467.4698486328125,-1.0
2,3,1429.9111328125,1100.8135986328125,1626.37060546875,1248.107666015625,-1.0
3,3,1468.613037109375,1016.0370483398438,1627.97998046875,1140.807861328125,-1.0
1,4,2889.7021484375,1240.7080078125,3158.01953125,1454.4130859375,-1.0
2,4,1427.571533203125,1109.3602294921875,1625.998779296875,1257.860107421875,-1.0
3,4,1468.55810546875,1023.287841796875,1628.6121826171875,1151.837890625,-1.0
1,5,2872.893310546875,1230.12548828125,3136.594482421875,1439.586669921875,-1.0
2,5,1425.5936279296875,1115.3441162109375,1627.15966796875,1267.0477294921875,-1.0
3,5,1465.7889404296875,1027.4937744140625,1630.24072265625,1157.1968994140625,-1.0
1,6,2855.2421875,1219.876220703125,3116.19189453125,1426.39404296875,-1.0
2,6,1424.0504150390625,1122.9034423828125,1625.4005126953125,1275.48486328125,-1.0
3,6,1466.3902587890625,1035.0750732421875,1630.1121826171875,1165.833251953125,-1.0
1,7,2840.3291015625,1210.219970703125,3095.140869140625,1413.78369140625,-1.0
2,7,1421.176513671875,1130.994140625,1625.015625,1285.5692138671875,-1.0
3,7,1464.818115234375,1041.2073974609375,1630.5164794921875,1178.10888671875,-1.0
1,8,2823.52099609375,1200.1263427734375,3074.34619140625,1401.180908203125,-1.0
2,8,1418.63037109375,1138.53564453125,1626.0823974609375,1295.533203125,-1.0
3,8,1463.0341796875,1047.013427734375,1630.477783203125,1182.278076171875,-1.0
1,9,2808.32421875,1190.7265625,3056.02978515625,1388.7822265625,-1.0
2,9,1416.273193359375,1146.394287109375,1624.519775390625,1306.96044921875,-1.0
3,9,1462.7747802734375,1053.1417236328125,1630.061279296875,1201.727783203125,-1.0
1,10,2792.43310546875,1182.0234375,3036.44384765625,1375.510498046875,-1.0
2,10,1413.9462890625,1153.985107421875,1624.0546875,1316.7275390625,-1.0
3,10,1461.406494140625,1060.24951171875,1632.2977294921875,1210.3472900390625,-1.0
1,11,2778.06298828125,1172.171142578125,3018.503173828125,1364.2073974609375,-1.0
2,11,1412.517578125,1162.190673828125,1626.051513671875,1327.3134765625,-1.0
3,11,1460.3865966796875,1065.14306640625,1633.06494140625,1220.135498046875,-1.0
1,12,2763.69873046875,1162.4056396484375,2999.958251953125,1352.7984619140625,-1.0
2,12,1409.3221435546875,1168.611083984375,1628.64892578125,1339.6385498046875,-1.0
3,12,1457.60986328125,1073.72216796875,1633.4791259765625,1224.8118896484375,-1.0
1,13,2748.73876953125,1155.0260009765625,2982.30810546875,1341.481201171875,124.61538461538461
3,13,1455.5029296875,1079.352294921875,1633.222900390625,1233.5673828125,152.30769230769232
2,13,1405.935791015625,1178.6131591796875,1627.692626953125,1350.833740234375,124.61538461538461
1,14,2735.83056640625,1144.889892578125,2965.94580078125,1330.1754150390625,122.14285714285712
2,14,1403.888427734375,1187.698974609375,1627.610107421875,1361.2496337890625,122.14285714285712
3,14,1454.0478515625,1085.095947265625,1635.0340576171875,1244.224853515625,154.28571428571428
1,15,2721.70703125,1136.1181640625,2949.234375,1319.5850830078125,126.0
3,15,1453.33740234375,1093.38037109375,1636.456787109375,1258.785400390625,156.0
2,15,1400.876708984375,1197.61474609375,1623.016357421875,1372.62841796875,126.0
1,16,2709.15576171875,1129.546875,2932.2978515625,1310.4166259765625,123.75
3,16,1451.303466796875,1100.946533203125,1635.299560546875,1269.8302001953125,157.5
2,16,1397.9066162109375,1207.2271728515625,1625.8575439453125,1383.799072265625,123.75
1,17,2695.814697265625,1121.630859375,2917.09814453125,1299.6427001953125,127.05882352941175
3,17,1450.3670654296875,1109.117919921875,1636.7962646484375,1277.387451171875,153.52941176470586
2,17,1394.23486328125,1217.1923828125,1628.239501953125,1401.639892578125,127.05882352941175
1,18,2683.8876953125,1113.1522216796875,2901.089599609375,1289.30224609375,125.0
3,18,1448.64599609375,1116.7032470703125,1638.91162109375,1289.1929931640625,155.0
2,18,1390.968994140625,1227.47265625,1626.3270263671875,1413.661865234375,125.0
1,19,2670.95947265625,1106.957275390625,2885.89111328125,1280.24755859375,127.89473684210527
2,19,1387.052978515625,1239.8287353515625,1623.3115234375,1427.6942138671875,127.89473684210527
3,19,1446.9107666015625,1125.7783203125,1639.8350830078125,1303.5380859375,156.31578947368422
2,20,1382.3616943359375,1248.00439453125,1626.5606689453125,1441.9046630859375,126.0
1,20,2659.0029296875,1099.1224365234375,2871.4736328125,1271.3543701171875,126.0
3,20,1444.0452880859375,1133.56103515625,1640.30126953125,1315.006103515625,153.0
1,21,2647.525634765625,1091.757568359375,2857.30517578125,1262.612548828125,124.28571428571429
2,21,1378.996337890625,1256.2481689453125,1625.764404296875,1455.815185546875,128.57142857142858
3,21,1442.747802734375,1142.042724609375,1639.836669921875,1326.8485107421875,154.2857142857143
1,22,2635.577392578125,1085.62646484375,2842.2431640625,1253.0137939453125,126.81818181818181
3,22,1441.3134765625,1149.8228759765625,1640.667236328125,1340.8714599609375,155.45454545454544
2,22,1375.9140625,1271.193603515625,1625.615234375,1468.4630126953125,126.81818181818181
2,23,1370.8663330078125,1281.9395751953125,1626.813720703125,1487.750732421875,129.1304347826087
1,23,2624.67333984375,1078.744140625,2829.840087890625,1245.1614990234375,125.21739130434783
3,23,1439.4730224609375,1160.03271484375,1642.3216552734375,1349.05908203125,152.6086956521739
1,24,2614.18408203125,1073.4327392578125,2816.28564453125,1235.6085205078125,127.50000000000001
2,24,1366.832763671875,1294.893798828125,1628.26708984375,1502.1142578125,127.50000000000001
3,24,1436.158447265625,1168.708740234375,1643.650634765625,1364.914306640625,153.75
1,25,2602.0078125,1066.7764892578125,2801.827880859375,1226.9300537109375,126.0
2,25,1362.119140625,1304.422607421875,1624.358154296875,1516.839599609375,126.0
3,25,1432.9139404296875,1178.9827880859375,1643.17822265625,1377.5810546875,151.20000000000002
1,25,2591.4912109375,1060.523193359375,2789.1787109375,1219.986083984375,122.4
2,25,1358.1181640625,1319.1507568359375,1617.1680908203125,1537.5322265625,126.0
3,25,1428.7957763671875,1187.480224609375,1643.2210693359375,1396.21875,147.6
1,25,2581.76220703125,1054.196533203125,2776.679443359375,1211.413818359375,126.0
2,25,1352.063720703125,1333.5537109375,1623.86376953125,1552.375732421875,129.6
3,25,1427.575439453125,1199.9134521484375,1642.9169921875,1407.4473876953125,151.20000000000002
1,25,2571.53173828125,1048.471923828125,2764.890625,1203.9013671875,122.4
3,25,1424.9443359375,1210.079345703125,1643.040771484375,1419.64501953125,144.0
2,25,1348.03955078125,1347.2237548828125,1625.23974609375,1571.75830078125,126.0
1,25,2560.921142578125,1042.17578125,2751.33984375,1196.4788818359375,126.0
3,25,1421.1162109375,1219.823974609375,1642.947998046875,1440.27490234375,147.6
2,25,1341.885986328125,1360.43017578125,1616.194580078125,1590.45166015625,129.6
2,25,1336.7578125,1379.751220703125,1625.7938232421875,1608.36669921875,126.0
1,25,2551.2666015625,1037.463623046875,2740.72216796875,1189.118896484375,122.4
3,25,1416.986083984375,1230.92138671875,1644.13916015625,1448.671875,144.0
2,25,1330.90283203125,1389.4339599609375,1626.09521484375,1630.7578125,129.6
3,25,1414.6439208984375,1241.6878662109375,1643.312744140625,1457.825927734375,140.4
1,25,2542.51806640625,1031.250732421875,2728.41455078125,1180.9383544921875,126.0
3,25,1410.793212890625,1254.274169921875,1643.361572265625,1472.6583251953125,140.4
2,25,1324.0323486328125,1409.302490234375,1625.0496826171875,1653.1351318359375,126.0
1,25,2532.927001953125,1026.58642578125,2716.8291015625,1174.979248046875,126.0
1,25,2523.1669921875,1020.1160888671875,2706.434326171875,1167.3548583984375,126.0
3,25,1406.64697265625,1265.45654296875,1642.3868408203125,1491.593017578125,136.8
2,25,1316.947021484375,1426.1864013671875,1623.362060546875,1672.353515625,126.0
3,25,1401.5185546875,1278.462890625,1642.423095703125,1503.05419921875,133.20000000000002
2,25,1308.59912109375,1444.7762451171875,1621.3135986328125,1698.2021484375,126.0
1,25,2515.373291015625,1015.2156372070312,2694.14208984375,1160.327392578125,126.0
3,25,1396.350341796875,1292.220703125,1642.838623046875,1522.54345703125,133.20000000000002
2,25,1301.8428955078125,1464.659423828125,1620.9378662109375,1723.766845703125,129.6
1,25,2506.35595703125,1010.208984375,2683.210693359375,1153.668701171875,126.0
2,25,1293.7705078125,1482.0274658203125,1618.5509033203125,1747.0330810546875,126.0
3,25,1392.160400390625,1306.0828857421875,1641.72998046875,1542.505859375,136.8
4,1,3718.89208984375,1800.6533203125,3839.2392578125,2139.002197265625,-1.0
1,25,2496.54248046875,1004.6707763671875,2672.96826171875,1148.475830078125,126.0
4,2,3670.80908203125,1766.4638671875,3839.25,2110.713134765625,-1.0
3,25,1388.164794921875,1318.8359375,1640.771240234375,1560.827392578125,136.8
2,25,1283.9205322265625,1501.608642578125,1615.83837890625,1770.53076171875,126.0
1,25,2487.556640625,1000.9691162109375,2661.89794921875,1141.4241943359375,122.4
2,25,1275.246826171875,1525.2236328125,1613.80224609375,1795.756103515625,129.6
3,25,1382.2177734375,1333.7647705078125,1640.30419921875,1578.92138671875,136.8
1,25,2480.0859375,994.7578125,2651.940673828125,1134.89404296875,126.0
2,25,1262.687744140625,1545.7529296875,1609.788818359375,1826.788330078125,129.6
3,25,1377.1241455078125,1351.022216796875,1639.582763671875,1600.47412109375,133.20000000000002
1,25,2472.3046875,990.8983154296875,2641.538818359375,1128.345458984375,122.4
3,25,1371.675537109375,1366.056640625,1639.090087890625,1622.226806640625,133.20000000000002
2,25,1252.456298828125,1562.8604736328125,1605.919921875,1856.2042236328125,129.6
1,25,2464.56787109375,985.3817138671875,2631.866455078125,1122.0941162109375,126.0
3,25,1365.3349609375,1381.1025390625,1639.2744140625,1643.95068359375,133.20000000000002
2,25,1240.47412109375,1586.839599609375,1600.9287109375,1884.116455078125,126.0
1,25,2455.6728515625,980.5767822265625,2622.591796875,1116.236328125,122.4
2,25,1228.6168212890625,1611.7745361328125,1597.009033203125,1918.9581298828125,129.6
3,25,1360.7962646484375,1394.209228515625,1639.0849609375,1667.7418212890625,133.20000000000002
1,25,2449.03955078125,976.654541015625,2613.1005859375,1109.385498046875,126.0
3,25,1353.746826171875,1416.255859375,1636.866943359375,1691.0087890625,133.20000000000002
2,25,1213.6402587890625,1635.453857421875,1591.9508056640625,1950.731201171875,129.6
1,25,2440.18310546875,971.27294921875,2602.8212890625,1103.738037109375,122.4
2,25,1200.53662109375,1662.278076171875,1587.38134765625,1989.841064453125,129.6
3,25,1348.1044921875,1431.15625,1637.039794921875,1716.2991943359375,133.20000000000002
1,25,2433.267333984375,966.9788818359375,2593.383544921875,1098.438720703125,126.0
2,25,1185.281494140625,1691.44970703125,1580.550537109375,2027.374267578125,129.6
3,25,1340.751220703125,1450.2757568359375,1636.291748046875,1743.41748046875,133.20000000000002
1,25,2424.89306640625,962.560546875,2585.402587890625,1093.60986328125,126.0
4,3,3320.52294921875,1543.935302734375,3699.689453125,1830.6845703125,-1.0
3,25,1334.94287109375,1467.1842041015625,1636.718017578125,1768.7314453125,129.6
2,25,1168.6373291015625,1716.765380859375,1574.7755126953125,2062.885986328125,129.6
1,25,2418.3857421875,958.5234375,2576.29443359375,1087.122314453125,126.0
4,4,3288.49609375,1523.684326171875,3659.8310546875,1803.3753662109375,-1.0
2,25,1152.0537109375,1749.1549072265625,1567.151611328125,2103.66455078125,129.6
3,25,1328.186767578125,1485.470458984375,1634.182373046875,1797.322021484375,133.20000000000002
1,25,2409.412109375,954.3081665039062,2567.0673828125,1082.0577392578125,126.0
4,5,3259.25927734375,1504.050537109375,3621.6083984375,1780.6864013671875,-1.0
2,25,1133.808349609375,1779.582275390625,1561.305908203125,2146.6259765625,129.6
3,25,1318.38037109375,1511.9981689453125,1633.36328125,1826.508544921875,133.20000000000002
1,25,2402.680908203125,949.8883056640625,2558.705078125,1077.373291015625,122.4
4,6,3228.406494140625,1486.50341796875,3584.619873046875,1754.9395751953125,-1.0
2,25,1112.817138671875,1813.11376953125,1551.748779296875,2151.35986328125,126.0
3,25,1309.270751953125,1535.5799560546875,1633.314697265625,1857.4390869140625,133.20000000000002
1,25,2398.10498046875,946.21533203125,2551.72216796875,1072.0465087890625,126.0
4,7,3201.90869140625,1466.29638671875,3549.189453125,1733.406494140625,-1.0
3,25,1302.95458984375,1556.732666015625,1633.480224609375,1889.4873046875,133.20000000000002
2,25,1091.0419921875,1849.5340576171875,1544.708740234375,2152.89111328125,118.8
1,25,2389.414794921875,943.3592529296875,2541.99853515625,1067.353515625,126.0
4,8,3174.5927734375,1452.0771484375,3513.73583984375,1708.3780517578125,-1.0
3,25,1294.20458984375,1586.65380859375,1632.51318359375,1923.050048828125,129.6
2,25,1069.104248046875,1885.8343505859375,1533.8955078125,2156.16845703125,111.60000000000001
1,25,2383.353515625,938.8134155273438,2533.7265625,1061.308349609375,126.0
4,9,3147.32763671875,1434.1702880859375,3482.11767578125,1688.14013671875,-1.0
3,25,1286.8077392578125,1600.7603759765625,1633.35302734375,1957.5296630859375,133.20000000000002
2,25,1047.325439453125,1923.4281005859375,1524.7054443359375,2156.2724609375,108.0
1,25,2376.65966796875,935.1708984375,2527.80078125,1057.8673095703125,126.0
4,10,3121.657470703125,1414.2044677734375,3448.162353515625,1667.9923095703125,-1.0
3,25,1277.0546875,1632.768310546875,1631.94189453125,1994.789794921875,129.6
1,25,2369.984130859375,932.088134765625,2518.080810546875,1053.658447265625,122.4
2,25,1021.5584106445312,1963.9521484375,1513.468994140625,2154.26708984375,100.8
3,25,1268.1376953125,1663.9053955078125,1631.96240234375,2034.699462890625,133.20000000000002
4,11,3097.40625,1400.7088623046875,3417.9873046875,1647.1995849609375,-1.0
1,25,2363.48583984375,927.9898681640625,2510.7958984375,1047.9884033203125,126.0
2,25,1060.1094970703125,2005.302490234375,1484.61083984375,2156.685546875,97.2
3,25,1257.78515625,1698.2369384765625,1632.134033203125,2076.955078125,136.8
4,12,3072.923583984375,1388.863525390625,3389.435302734375,1628.727783203125,-1.0
1,25,2357.14111328125,924.6392211914062,2503.580078125,1043.251220703125,122.4
2,25,1058.964599609375,2053.0478515625,1449.8558349609375,2158.74072265625,90.0
3,25,1247.90185546875,1722.00390625,1631.4444580078125,2123.324951171875,136.8
4,13,3051.7119140625,1368.35400390625,3359.5546875,1609.058837890625,193.84615384615384
1,25,2351.001953125,919.8909301757812,2496.0537109375,1039.073486328125,122.4
3,25,1236.40234375,1756.0426025390625,1631.281982421875,2151.0478515625,133.20000000000002
4,14,3028.7021484375,1359.15234375,3332.72900390625,1591.506591796875,186.42857142857142
1,25,2345.96875,917.1019287109375,2488.13427734375,1033.8170166015625,122.4
4,15,3008.028564453125,1346.0614013671875,3305.3525390625,1575.151611328125,186.00000000000003
3,25,1223.72998046875,1794.604248046875,1630.79248046875,2152.03857421875,129.6
1,25,2338.43896484375,913.0559692382812,2481.9296875,1030.5927734375,122.4
3,25,1212.62841796875,1835.8699951171875,1631.22412109375,2156.0751953125,122.4
4,16,2986.20458984375,1326.28466796875,3280.02490234375,1557.546630859375,180.0
1,25,2332.76318359375,910.0805053710938,2474.73291015625,1025.7900390625,122.4
3,25,1199.311767578125,1871.35986328125,1630.337158203125,2156.318115234375,115.2
4,17,2967.8818359375,1313.9931640625,3254.390625,1541.085693359375,174.70588235294116
1,25,2327.55078125,906.5921630859375,2467.7646484375,1022.47119140625,122.4
3,25,1187.2412109375,1911.936279296875,1630.7105712890625,2153.527099609375,111.60000000000001
4,18,2946.601806640625,1306.96826171875,3230.0126953125,1524.86767578125,175.00000000000003
1,25,2322.200439453125,903.9581298828125,2461.358154296875,1018.774169921875,122.4
4,19,2928.5517578125,1295.363525390625,3206.3115234375,1510.623779296875,170.52631578947367
1,25,2316.00634765625,901.2904052734375,2453.67431640625,1012.9893798828125,122.4
3,25,1213.366455078125,1960.33740234375,1625.879638671875,2154.573486328125,104.4
4,20,2910.9208984375,1282.0299072265625,3183.61328125,1494.8134765625,171.0
1,25,2310.9189453125,896.3939208984375,2447.2607421875,1009.4811401367188,122.4
3,25,1213.186279296875,2007.8258056640625,1589.25634765625,2157.28857421875,100.8
6,1,1466.505615234375,743.1527099609375,1540.238525390625,791.4530639648438,-1.0
4,21,2892.86572265625,1272.7227783203125,3160.45458984375,1480.4942626953125,167.14285714285717
1,25,2305.25244140625,894.7701416015625,2440.364501953125,1005.6383056640625,122.4
6,2,1465.4306640625,744.0621337890625,1539.625732421875,793.2730712890625,-1.0
4,22,2875.38330078125,1261.9324951171875,3139.389404296875,1466.2503662109375,163.63636363636363
1,25,2299.8701171875,891.3660278320312,2434.65283203125,1001.4336547851562,122.4
6,3,1464.624755859375,744.6406860351562,1538.794189453125,794.2750854492188,-1.0
4,23,2858.76611328125,1251.6624755859375,3118.524169921875,1453.220458984375,164.34782608695653
1,25,2295.77783203125,888.840576171875,2428.634033203125,998.3787841796875,118.8
6,4,1463.3031005859375,745.7495727539062,1537.650146484375,795.9288940429688,-1.0
4,24,2842.24755859375,1241.43115234375,3098.098388671875,1439.875244140625,161.25000000000003
1,25,2288.979736328125,886.7440795898438,2421.88134765625,994.2566528320312,122.4
6,5,1460.900634765625,748.0623779296875,1536.608154296875,797.537841796875,-1.0
4,25,2826.75146484375,1228.5343017578125,3077.537841796875,1426.909912109375,162.0
1,25,2284.188720703125,883.247314453125,2416.400390625,989.6861572265625,118.8
6,6,1458.97119140625,748.41650390625,1535.454345703125,799.43408203125,-1.0
4,25,2809.974609375,1218.40771484375,3058.351318359375,1414.703125,162.0
1,25,2280.2626953125,881.129638671875,2410.009765625,986.3472900390625,122.4
6,7,1458.8082275390625,749.6024780273438,1532.8330078125,800.5123901367188,-1.0
4,25,2794.353515625,1212.22607421875,3040.024658203125,1402.0985107421875,118.8
1,25,2274.979736328125,877.153076171875,2404.089599609375,982.7144775390625,118.8
6,8,1457.7740478515625,750.6721801757812,1532.9322509765625,801.8822021484375,-1.0
4,25,2780.30615234375,1202.5125732421875,3021.54248046875,1389.696533203125,122.4
1,25,2269.887451171875,873.69287109375,2399.026611328125,979.9436645507812,118.8
6,9,1455.4471435546875,751.6058349609375,1533.3759765625,803.1676025390625,-1.0
4,25,2766.48046875,1193.321533203125,3004.847900390625,1377.931396484375,122.4
1,25,2264.2900390625,870.7377319335938,2392.580078125,975.9556274414062,122.4
6,10,1454.74951171875,752.5565185546875,1531.133056640625,804.7474365234375,-1.0
4,25,2751.421875,1183.35693359375,2986.65234375,1367.220703125,118.8
1,25,2259.73046875,868.0587158203125,2386.9560546875,972.627685546875,118.8
6,11,1454.262939453125,754.269287109375,1530.486572265625,806.84912109375,-1.0
4,25,2739.653076171875,1175.4422607421875,2969.33251953125,1355.97265625,122.4
1,25,2257.33544921875,865.4924926757812,2381.3388671875,968.2417602539062,122.4
6,12,1453.550537109375,755.3634033203125,1529.8125,807.1304931640625,-1.0
4,25,2725.4130859375,1166.567138671875,2953.22705078125,1344.2001953125,118.8
1,25,2250.7919921875,862.9317626953125,2375.083251953125,964.3958129882812,118.8
6,13,1451.544921875,756.4573974609375,1528.25634765625,808.716064453125,110.76923076923076
4,25,2712.89892578125,1159.35302734375,2937.191650390625,1334.4866943359375,122.4
1,25,2248.211181640625,860.31298828125,2370.23779296875,961.8936767578125,122.4
6,14,1450.31103515625,757.5265502929688,1528.28173828125,809.5213623046875,109.28571428571428
4,25,2700.09326171875,1151.9315185546875,2921.5732421875,1323.35107421875,118.8
1,25,2242.160888671875,858.9674072265625,2365.13671875,959.2559814453125,122.4
6,15,1449.146240234375,759.7032470703125,1527.380615234375,811.919189453125,114.0
4,25,2688.18896484375,1136.060546875,2907.15966796875,1314.796630859375,118.8
1,25,2238.601318359375,856.6338500976562,2359.647216796875,955.0836181640625,118.8
6,16,1447.537109375,760.2445678710938,1525.75830078125,812.4169921875,112.5
4,25,2676.320556640625,1135.845458984375,2890.794921875,1305.502685546875,122.4
1,25,2234.72802734375,853.6415405273438,2354.16748046875,951.8864135742188,122.4
6,17,1447.5380859375,762.3702392578125,1523.9234619140625,814.642822265625,111.17647058823529
4,25,2663.520263671875,1128.87841796875,2877.151611328125,1294.48779296875,118.8
1,25,2230.427490234375,850.1253662109375,2349.210205078125,948.0589599609375,126.0
6,18,1445.82080078125,762.8670043945312,1524.3115234375,814.7385864257812,110.00000000000001
4,25,2653.395263671875,1120.434814453125,2863.263427734375,1286.33251953125,122.4
1,25,2225.1669921875,847.7949829101562,2345.65673828125,945.4865112304688,122.4
6,19,1445.833251953125,764.2827758789062,1523.2191162109375,817.6184692382812,113.68421052631578
4,25,2641.75,1111.5216064453125,2848.86962890625,1276.401123046875,118.8
1,25,2220.444580078125,845.9218139648438,2339.48486328125,942.4332275390625,122.4
6,20,1443.4207763671875,765.7630004882812,1521.922607421875,819.3923950195312,112.5
4,25,2629.34912109375,1106.149169921875,2835.593994140625,1267.64013671875,118.8
1,25,2216.760498046875,842.5241088867188,2335.1982421875,938.7518920898438,122.4
6,21,1440.70361328125,767.1806030273438,1520.68896484375,820.86181640625,115.71428571428572
4,25,2619.750732421875,1099.1558837890625,2821.675048828125,1259.6380615234375,122.4
1,25,2211.81884765625,841.1878051757812,2330.117431640625,936.2466430664062,122.4
6,22,1441.121826171875,767.817626953125,1521.36767578125,822.099609375,114.54545454545455
4,25,2607.11572265625,1092.615966796875,2809.484375,1251.331787109375,118.8
1,25,2209.14599609375,839.5914916992188,2324.287109375,934.63623046875,122.4
6,23,1437.9862060546875,770.2537841796875,1519.91015625,824.650390625,117.3913043478261
4,25,2599.379150390625,1087.605712890625,2796.30029296875,1242.163330078125,122.4
1,25,2206.4384765625,836.0042724609375,2321.06884765625,930.242431640625,122.4
6,24,1434.751220703125,771.3762817382812,1518.457275390625,825.6520385742188,116.25000000000001
4,25,2588.6806640625,1081.0166015625,2782.71826171875,1233.419677734375,118.8
1,25,2201.916015625,835.6776123046875,2314.68359375,927.673095703125,122.4
6,25,1433.833251953125,772.7422485351562,1517.5654296875,827.2908325195312,115.2
4,25,2577.844482421875,1075.0059814453125,2771.50634765625,1226.1580810546875,118.8
1,25,2197.7431640625,833.265380859375,2311.3984375,924.7501831054688,122.4
6,25,1433.1343994140625,773.4369506835938,1516.455078125,829.5287475585938,115.2
4,25,2568.768798828125,1068.4666748046875,2758.67822265625,1218.76123046875,122.4
1,25,2194.00244140625,829.9191284179688,2307.006591796875,921.5542602539062,122.4
6,25,1431.7301025390625,774.8818359375,1515.5213623046875,830.63818359375,115.2
4,25,2558.77783203125,1060.71533203125,2747.4208984375,1210.137939453125,118.8
1,25,2189.88720703125,828.2528686523438,2302.644287109375,918.6864624023438,126.0
6,25,1431.5592041015625,775.3465576171875,1514.71728515625,832.7039794921875,115.2
4,25,2548.45361328125,1054.958740234375,2736.408203125,1202.02685546875,122.4
1,25,2187.2919921875,823.6309204101562,2298.5146484375,915.3224487304688,122.4
6,25,1429.744140625,776.5914916992188,1514.658447265625,833.1231079101562,108.0
4,25,2540.474365234375,1050.7305908203125,2725.1259765625,1195.5263671875,118.8
1,25,2184.62353515625,822.2246704101562,2295.02734375,913.5723266601562,122.4
6,25,1429.42138671875,778.01220703125,1513.9005126953125,835.14697265625,108.0
4,25,2531.57568359375,1045.8734130859375,2714.22705078125,1189.0247802734375,118.8
1,25,2179.8662109375,821.0108642578125,2291.293212890625,911.9901123046875,118.8
6,25,1427.2685546875,780.4034423828125,1513.025146484375,836.7933349609375,108.0
4,25,2522.621826171875,1040.31494140625,2704.884765625,1180.597412109375,122.4
1,25,2177.435302734375,818.1844482421875,2285.96337890625,908.8260498046875,122.4
6,25,1426.4158935546875,782.107421875,1511.668701171875,838.8194580078125,111.60000000000001
4,25,2515.1259765625,1034.84130859375,2692.868408203125,1175.136474609375,118.8
1,25,2173.43994140625,817.1904296875,2282.40234375,906.1151123046875,122.4
6,25,1423.5648193359375,783.6117553710938,1510.6885986328125,841.6052856445312,115.2
4,25,2504.39013671875,1029.92529296875,2682.724609375,1169.0517578125,118.8
1,25,2169.484375,815.1697998046875,2278.3955078125,903.7225341796875,122.4
6,25,1423.674560546875,784.50732421875,1509.975341796875,842.9703369140625,111.60000000000001
4,25,2497.91943359375,1024.267333984375,2672.89794921875,1160.6826171875,122.4
1,25,2166.5419921875,812.7843017578125,2273.71875,900.090087890625,126.0
6,25,1423.3687744140625,785.596435546875,1509.926025390625,844.2630615234375,108.0
4,25,2489.069091796875,1018.609130859375,2662.80029296875,1155.330322265625,118.8
1,25,2164.175537109375,812.1934814453125,2270.577392578125,898.6302490234375,118.8
6,25,1422.24853515625,787.5027465820312,1508.566650390625,846.2869262695312,111.60000000000001
4,25,2481.732421875,1013.2630004882812,2652.39111328125,1149.067138671875,118.8
1,25,2161.1201171875,809.4874877929688,2266.451171875,895.4273071289062,122.4
6,25,1421.395751953125,788.3472900390625,1506.101806640625,847.8349609375,111.60000000000001
4,25,2472.96630859375,1010.0625,2642.553955078125,1143.05419921875,118.8
1,25,2159.055908203125,807.4667358398438,2263.058349609375,893.0586547851562,122.4
6,25,1418.242919921875,790.4939575195312,1505.614501953125,849.73095703125,115.2
4,25,2465.51953125,1005.57470703125,2634.443115234375,1135.890625,118.8
1,25,2155.6240234375,805.655517578125,2259.365234375,891.2960205078125,122.4
6,25,1417.778564453125,792.1693725585938,1505.26708984375,850.8993530273438,108.0
4,25,2457.02099609375,999.766845703125,2625.1181640625,1129.9530029296875,122.4
1,25,2151.74658203125,803.1448974609375,2255.2041015625,889.343994140625,122.4
6,25,1416.965087890625,793.6458740234375,1503.6070556640625,853.6500244140625,111.60000000000001
4,25,2451.55908203125,993.627685546875,2615.30810546875,1124.580322265625,118.8
1,25,2147.86279296875,800.831298828125,2252.289794921875,886.4993896484375,118.8
6,25,1416.2135009765625,794.840087890625,1503.4017333984375,854.54052734375,111.60000000000001
4,25,2443.810546875,990.247802734375,2607.521484375,1118.768310546875,118.8
6,25,1413.8133544921875,797.120361328125,1502.410400390625,857.045654296875,115.2
1,25,2144.79833984375,799.46435546875,2249.1494140625,885.634765625,115.2
4,25,2438.280029296875,985.1641845703125,2598.8232421875,1112.8634033203125,118.8
6,25,1412.40673828125,798.7288818359375,1500.3837890625,858.1771240234375,108.0
1,25,2142.71533203125,798.7326049804688,2244.982421875,882.0368041992188,118.8
4,25,2429.255615234375,981.6588134765625,2589.05517578125,1106.6744384765625,118.8
6,25,1411.854736328125,799.4251708984375,1499.53466796875,860.703857421875,111.60000000000001
1,25,2139.661376953125,797.1181640625,2240.3896484375,880.2930908203125,118.8
4,25,2422.72412109375,977.4942626953125,2581.405517578125,1101.65185546875,122.4
6,25,1410.398193359375,801.13037109375,1499.08056640625,862.6060180664062,108.0
1,25,2137.20654296875,795.999755859375,2237.01611328125,877.8511962890625,118.8
4,25,2416.76318359375,973.3705444335938,2573.632080078125,1096.65185546875,118.8
6,25,1408.6043701171875,802.1971435546875,1498.2843017578125,862.7713623046875,104.4
1,25,2133.625,794.3182983398438,2234.169921875,874.6316528320312,122.4
4,25,2409.087890625,968.2582397460938,2564.155517578125,1091.352294921875,118.8
6,25,1406.009033203125,805.7283325195312,1496.6993408203125,866.8569946289062,108.0
1,25,2131.04541015625,793.79296875,2230.445068359375,873.4317626953125,118.8
4,25,2401.9951171875,965.3442993164062,2557.295654296875,1085.654052734375,118.8
1,25,2129.36376953125,791.2186279296875,2226.166015625,870.2587890625,122.4
6,25,1403.857421875,806.6863403320312,1497.049560546875,868.012939453125,108.0
4,25,2397.1630859375,959.713134765625,2549.6005859375,1080.2557373046875,118.8
1,25,2125.63330078125,789.0091552734375,2223.3525390625,868.130126953125,122.4
6,25,1403.340576171875,808.384765625,1494.85400390625,870.09130859375,108.0
4,25,2389.6298828125,955.8277587890625,2542.14599609375,1076.748779296875,118.8
1,25,2122.411865234375,788.0996704101562,2220.420654296875,866.6782836914062,118.8
6,25,1402.4921875,810.0386352539062,1494.9715576171875,872.8445434570312,108.0
4,25,2383.49267578125,952.7611083984375,2534.879150390625,1070.401611328125,118.8
1,25,2119.52001953125,785.7427368164062,2217.62744140625,863.9910278320312,122.4
6,25,1400.740966796875,811.0142211914062,1494.5770263671875,874.5060424804688,108.0
4,25,2378.202392578125,949.9384765625,2527.918212890625,1065.8077392578125,118.8
1,25,2116.3779296875,784.3099365234375,2214.306396484375,862.0916748046875,118.8
6,25,1400.105712890625,813.4729614257812,1494.0347900390625,876.3012084960938,108.0
4,25,2371.95751953125,944.9615478515625,2519.090576171875,1060.5062255859375,118.8
6,25,1397.999755859375,815.6190185546875,1490.751953125,878.680419921875,111.60000000000001
1,25,2113.858642578125,782.3001708984375,2210.78125,860.5718994140625,118.8
4,25,2365.925537109375,942.5379638671875,2512.98974609375,1056.2457275390625,118.8
1,25,2112.34814453125,780.6114501953125,2207.41650390625,857.6435546875,122.4
6,25,1396.8804931640625,816.120361328125,1490.241455078125,879.25732421875,108.0
4,25,2358.1083984375,937.5203857421875,2505.107666015625,1052.8477783203125,118.8
1,25,2110.34716796875,778.09619140625,2205.34423828125,856.145751953125,122.4
6,25,1394.849609375,819.5291748046875,1487.803466796875,882.555908203125,111.60000000000001
4,25,2354.57763671875,934.4661865234375,2497.99365234375,1048.8311767578125,115.2
1,25,2107.2734375,776.7456665039062,2201.578125,854.7738647460938,118.8
6,25,1394.2191162109375,820.4609985351562,1489.2379150390625,884.6163940429688,108.0
4,25,2349.182861328125,931.863037109375,2492.5009765625,1042.75390625,118.8
1,25,2105.35888671875,776.2267456054688,2199.15478515625,853.4122924804688,118.8
6,25,1393.3026123046875,822.4442138671875,1488.5211181640625,886.0308837890625,104.4
4,25,2343.7919921875,928.4703369140625,2485.35400390625,1039.496337890625,118.8
1,25,2101.98046875,774.4739990234375,2196.226318359375,850.79345703125,118.8
6,25,1391.4422607421875,824.0902099609375,1486.843994140625,889.343505859375,108.0
4,25,2336.759033203125,924.241455078125,2477.623046875,1035.094970703125,118.8
1,25,2099.139892578125,773.3728637695312,2193.802978515625,848.8331909179688,115.2
6,25,1388.814208984375,826.2818603515625,1485.47216796875,892.0128173828125,108.0
4,25,2331.62255859375,921.8541259765625,2470.04345703125,1032.3546142578125,115.2
6,25,1387.79150390625,828.7479858398438,1485.7708740234375,895.2581176757812,111.60000000000001
1,25,2096.6123046875,771.9525146484375,2189.809814453125,846.944091796875,122.4
4,25,2327.36376953125,917.4384155273438,2465.20263671875,1026.501220703125,118.8
6,25,1385.330810546875,829.7810668945312,1484.353759765625,897.4667358398438,111.60000000000001
1,25,2095.726318359375,770.6041259765625,2187.5859375,844.751220703125,118.8
4,25,2324.0126953125,913.7757568359375,2459.0888671875,1022.82421875,118.8
6,25,1383.86962890625,831.6502685546875,1482.8297119140625,899.9422607421875,108.0
1,25,2093.68408203125,769.1453247070312,2184.2822265625,843.3250122070312,115.2
4,25,2315.729736328125,910.3809814453125,2453.20947265625,1018.4783935546875,118.8
6,25,1381.4453125,833.7196655273438,1483.1005859375,902.7493286132812,115.2
1,25,2091.11279296875,768.016845703125,2181.82080078125,841.175537109375,118.8
4,25,2310.973388671875,907.0523071289062,2446.4521484375,1014.4506225585938,115.2
6,25,1380.552978515625,835.5701293945312,1481.763671875,904.3478393554688,111.60000000000001
1,25,2088.286376953125,767.3735961914062,2178.76025390625,839.5072631835938,118.8
4,25,2307.432861328125,905.079345703125,2441.154052734375,1010.447021484375,118.8
6,25,1379.83837890625,838.2515258789062,1479.9031982421875,907.1024780273438,111.60000000000001
1,25,2086.233154296875,764.6713256835938,2176.529541015625,838.4331665039062,118.8
6,25,1377.482421875,840.8604125976562,1479.671142578125,908.8013305664062,108.0
4,25,2304.19384765625,904.019775390625,2434.373046875,1007.271728515625,118.8
1,25,2084.113525390625,764.5830078125,2172.9267578125,837.1055908203125,118.8
4,25,2297.482177734375,901.4679565429688,2428.7197265625,1003.0975341796875,115.2
6,25,1374.6881103515625,842.548828125,1479.6785888671875,912.2969970703125,115.2
1,25,2081.89697265625,764.0264892578125,2170.26904296875,835.6239013671875,115.2
4,25,2292.931640625,896.1568603515625,2422.686767578125,999.263916015625,118.8
6,25,1374.06689453125,844.0032348632812,1476.80517578125,913.6338500976562,111.60000000000001
1,25,2079.721435546875,761.7617797851562,2168.22998046875,833.8093872070312,118.8
4,25,2287.8583984375,895.4063720703125,2417.27880859375,994.357666015625,118.8
6,25,1374.1827392578125,845.8317260742188,1476.4171142578125,915.9556274414062,111.60000000000001
1,25,2077.2060546875,759.9866943359375,2165.495849609375,831.527099609375,115.2
4,25,2282.09716796875,890.2891845703125,2411.72265625,991.86328125,118.8
6,25,1371.4046630859375,847.5185546875,1474.96728515625,920.2923583984375,118.8
1,25,2074.218994140625,758.0758666992188,2162.806396484375,829.8814086914062,115.2
4,25,2279.56787109375,888.4842529296875,2406.3984375,988.765625,118.8
1,25,2071.793701171875,756.9287109375,2160.145751953125,827.8082885742188,118.8
6,25,1370.25244140625,849.6412353515625,1474.063232421875,924.1470336914062,115.2
4,25,2275.227294921875,885.9453125,2400.49267578125,984.956298828125,115.2
6,25,1368.6171875,852.6641235351562,1473.4971923828125,926.8939819335938,115.2
1,25,2071.14892578125,755.46533203125,2157.45654296875,826.2938232421875,115.2
4,25,2269.63720703125,883.5787353515625,2395.9072265625,981.52001953125,118.8
6,25,1368.1356201171875,854.8679809570312,1474.159912109375,927.7509155273438,115.2
1,25,2070.46240234375,755.1176147460938,2154.70947265625,824.07421875,118.8
4,25,2264.598388671875,880.0367431640625,2390.048095703125,977.495361328125,118.8
1,25,2066.9306640625,753.1858520507812,2152.53173828125,821.83447265625,118.8
6,25,1365.6822509765625,856.0902099609375,1471.3330078125,928.9260864257812,108.0
4,25,2260.79541015625,878.6105346679688,2387.094970703125,974.2380981445312,115.2
6,25,1363.7088623046875,859.1321411132812,1471.24267578125,932.4666137695312,111.60000000000001
1,25,2065.181396484375,752.5980834960938,2150.343017578125,820.9215087890625,115.2
4,25,2258.0419921875,874.4351806640625,2380.510986328125,970.2996826171875,118.8
6,25,1362.7000732421875,861.6641235351562,1469.7420654296875,934.6739501953125,111.60000000000001
1,25,2061.784423828125,750.063720703125,2147.80810546875,819.6068115234375,115.2
4,25,2253.26953125,871.87451171875,2374.521240234375,967.390625,115.2
6,25,1359.931396484375,864.5575561523438,1467.345947265625,938.0370483398438,111.60000000000001
1,25,2060.158203125,749.4915161132812,2144.482421875,817.3994750976562,118.8
4,25,2249.25439453125,869.4898681640625,2371.087646484375,964.3765869140625,115.2
6,25,1358.9111328125,866.2146606445312,1467.44140625,940.565185546875,111.60000000000001
1,25,2059.506103515625,747.640869140625,2142.41796875,815.253662109375,118.8
4,25,2243.84033203125,866.8084716796875,2365.03662109375,961.4490966796875,118.8
6,25,1356.44140625,867.9435424804688,1465.970703125,942.9776000976562,111.60000000000001
1,25,2058.3974609375,746.73046875,2139.57666015625,813.9722900390625,118.8
4,25,2239.641357421875,864.3392944335938,2359.52685546875,958.5521850585938,118.8
6,25,1354.509521484375,870.4660034179688,1464.739013671875,946.7503051757812,111.60000000000001
1,25,2054.24853515625,745.4848022460938,2137.281005859375,813.9182739257812,115.2
6,25,1352.324462890625,873.5418090820312,1463.65234375,950.7943725585938,115.2
4,25,2236.720458984375,861.069091796875,2355.93017578125,956.14990234375,115.2
1,25,2052.89697265625,744.4539184570312,2135.544189453125,812.7101440429688,115.2
6,25,1350.6724853515625,876.2076416015625,1464.0035400390625,952.87939453125,111.60000000000001
4,25,2233.078857421875,860.2018432617188,2350.282470703125,952.82373046875,115.2
1,25,2050.705322265625,743.551513671875,2134.30322265625,810.887451171875,115.2
6,25,1349.7264404296875,878.8881225585938,1462.372314453125,955.2368774414062,111.60000000000001
4,25,2227.637451171875,859.2859497070312,2347.936767578125,948.9926147460938,115.2
1,25,2048.8017578125,742.5062255859375,2131.26318359375,808.9449462890625,118.8
6,25,1347.480712890625,881.2531127929688,1461.0567626953125,958.1812133789062,108.0
4,25,2225.22998046875,856.08544921875,2341.7890625,945.7218017578125,122.4
1,25,2047.6318359375,740.5382080078125,2129.3115234375,807.5615844726562,115.2
4,25,2221.37890625,853.6038208007812,2337.728515625,943.8034057617188,115.2
6,25,1345.47021484375,884.5374755859375,1460.582763671875,961.686767578125,108.0
1,25,2046.017578125,740.2770385742188,2127.421142578125,806.4539794921875,115.2
4,25,2216.309326171875,849.8096923828125,2332.595947265625,940.0997314453125,115.2
6,25,1343.187744140625,886.875,1458.0941162109375,964.8614501953125,111.60000000000001
1,25,2046.257568359375,739.0260009765625,2124.69482421875,804.208251953125,118.8
6,25,1341.13427734375,889.851806640625,1457.2783203125,967.9696044921875,108.0
4,25,2212.380859375,848.2300415039062,2329.41845703125,937.8477172851562,115.2
1,25,2042.419189453125,738.2772216796875,2122.6025390625,803.3499755859375,115.2
4,25,2208.74951171875,846.3526611328125,2323.68701171875,934.8901977539062,118.8
6,25,1340.2825927734375,892.595947265625,1455.5709228515625,973.0054321289062,111.60000000000001
1,25,2041.732666015625,737.3525390625,2121.0361328125,801.9442749023438,115.2
6,25,1338.6531982421875,894.6080322265625,1453.6773681640625,975.9410400390625,111.60000000000001
4,25,2206.89404296875,843.7796630859375,2319.886962890625,932.5614624023438,115.2
1,25,2039.7110595703125,736.3604125976562,2118.560546875,800.89013671875,115.2
6,25,1338.0406494140625,897.393310546875,1451.255126953125,977.07421875,111.60000000000001
4,25,2203.96728515625,841.7323608398438,2315.26171875,929.6779174804688,115.2
1,25,2036.9501953125,734.645751953125,2116.465576171875,799.4171142578125,115.2
6,25,1334.77978515625,900.4330444335938,1449.6171875,980.6024780273438,108.0
4,25,2199.54052734375,839.624755859375,2311.13818359375,926.894287109375,118.8
4,25,2194.931396484375,837.4735107421875,2307.3779296875,923.688720703125,115.2
6,25,1332.6009521484375,903.2435302734375,1448.23876953125,984.65771484375,108.0
4,25,2191.1572265625,836.81591796875,2302.46728515625,921.7054443359375,111.60000000000001
6,25,1328.4130859375,906.9651489257812,1447.582275390625,987.5590209960938,111.60000000000001
4,25,2189.052978515625,834.6932373046875,2299.33740234375,918.5108642578125,115.2
6,25,1326.5079345703125,909.6286010742188,1445.507568359375,990.5729370117188,108.0
4,25,2187.14990234375,831.5557250976562,2295.25537109375,916.2844848632812,115.2
6,25,1322.769775390625,913.11669921875,1444.90234375,994.45556640625,104.4
4,25,2183.58984375,830.1800537109375,2290.41796875,913.4476318359375,115.2
6,25,1322.23193359375,915.636474609375,1444.17138671875,1000.0294189453125,108.0
6,25,1318.935791015625,918.6571655273438,1443.11767578125,1001.8145141601562,108.0
4,25,2179.525390625,825.7391967773438,2287.37158203125,910.6942749023438,115.2
6,25,1315.513427734375,919.8155517578125,1440.96875,1006.693115234375,111.60000000000001
4,25,2177.48779296875,823.9853515625,2284.879150390625,908.9068603515625,115.2
6,25,1313.0322265625,921.5103149414062,1441.450439453125,1011.8856811523438,111.60000000000001
4,25,2172.0771484375,822.9028930664062,2279.704345703125,905.4288940429688,118.8
6,25,1310.17041015625,926.7044677734375,1438.0439453125,1013.8575439453125,111.60000000000001
4,25,2168.763427734375,819.7598876953125,2275.916015625,902.7271728515625,115.2
6,25,1307.4283447265625,930.83056640625,1437.02197265625,1017.642333984375,111.60000000000001
4,25,2165.75,818.1600341796875,2272.197265625,900.4630126953125,115.2
6,25,1304.8179931640625,934.6217651367188,1435.408447265625,1022.946533203125,115.2
4,25,2163.22705078125,816.4671630859375,2268.936767578125,898.0003662109375,118.8
6,25,1302.2054443359375,937.44970703125,1432.6396484375,1026.0936279296875,111.60000000000001
4,25,2160.48046875,814.6832885742188,2264.239013671875,895.8458862304688,115.2
6,25,1297.984130859375,940.350830078125,1430.2364501953125,1030.5081787109375,111.60000000000001
4,25,2157.9853515625,813.3110961914062,2259.32763671875,893.0716552734375,118.8
6,25,1295.3416748046875,943.8121948242188,1429.7423095703125,1034.888427734375,108.0
4,25,2154.609130859375,811.7894897460938,2256.91650390625,891.5330200195312,115.2
6,25,1293.08544921875,947.6625366210938,1428.190185546875,1038.43994140625,111.60000000000001
4,25,2152.29541015625,809.8011474609375,2254.15966796875,889.4937744140625,118.8
6,25,1289.672607421875,951.3765869140625,1425.2757568359375,1043.965087890625,111.60000000000001
4,25,2149.32373046875,807.5372314453125,2250.9482421875,887.082275390625,115.2
4,25,2146.169921875,806.9895629882812,2247.260498046875,885.753662109375,111.60000000000001
6,25,1285.22802734375,955.54150390625,1422.367431640625,1049.194580078125,115.2
6,25,1282.365234375,958.9593505859375,1419.8466796875,1051.6207275390625,111.60000000000001
4,25,2142.529541015625,805.472900390625,2243.822265625,883.57177734375,115.2
6,25,1279.3775634765625,962.8449096679688,1419.3341064453125,1055.462158203125,111.60000000000001
4,25,2140.5068359375,802.8099975585938,2239.27392578125,881.1707153320312,115.2
6,25,1276.1357421875,966.5220336914062,1418.10693359375,1061.275390625,111.60000000000001
4,25,2136.996826171875,800.5872802734375,2236.626708984375,879.605712890625,115.2
6,25,1273.8876953125,970.75634765625,1415.8768310546875,1065.5833740234375,108.0
4,25,2135.82958984375,799.9656372070312,2233.158203125,875.8218383789062,115.2
6,25,1270.0799560546875,975.7254638671875,1413.5035400390625,1070.531982421875,111.60000000000001
4,25,2132.1767578125,798.8397216796875,2230.256103515625,874.2176513671875,115.2
6,25,1267.0966796875,980.61376953125,1410.490966796875,1076.0205078125,111.60000000000001
4,25,2130.28173828125,797.0308837890625,2226.970703125,872.3802490234375,115.2
6,25,1264.2320556640625,983.2630615234375,1408.4686279296875,1081.6553955078125,115.2
4,25,2126.710205078125,795.01611328125,2224.221435546875,871.011474609375,111.60000000000001
6,25,1258.844482421875,986.6842041015625,1406.18896484375,1084.5341796875,115.2
4,25,2123.068359375,793.5792236328125,2220.864990234375,868.9139404296875,111.60000000000001
6,25,1254.4500732421875,991.363037109375,1404.81005859375,1090.825927734375,111.60000000000001
4,25,2120.471923828125,792.4874267578125,2216.84814453125,866.9315185546875,115.2
6,25,1253.2064208984375,996.1102294921875,1401.7364501953125,1096.2861328125,115.2
4,25,2119.1572265625,790.4159545898438,2214.670166015625,864.4055786132812,111.60000000000001
6,25,1247.7425537109375,1000.1892700195312,1399.379150390625,1101.57958984375,115.2
4,25,2116.8984375,789.3134765625,2211.976318359375,862.91455078125,111.60000000000001
6,25,1243.826171875,1004.3045654296875,1397.247314453125,1106.93994140625,111.60000000000001
4,25,2114.338623046875,788.41552734375,2208.736083984375,861.3469848632812,111.60000000000001
6,25,1239.834228515625,1008.54345703125,1394.993408203125,1112.064697265625,111.60000000000001
4,25,2112.087890625,786.1763305664062,2205.72265625,859.9736938476562,108.0
6,25,1236.888916015625,1013.2282104492188,1392.712890625,1119.244873046875,115.2
4,25,2108.587890625,784.7576293945312,2201.95849609375,857.2124633789062,111.60000000000001
6,25,1233.0198974609375,1017.2803344726562,1390.476318359375,1123.42333984375,111.60000000000001
4,25,2106.91259765625,782.361328125,2199.727294921875,855.4183959960938,111.60000000000001
6,25,1229.612060546875,1022.2146606445312,1387.41455078125,1128.810791015625,111.60000000000001
4,25,2104.749267578125,781.1993408203125,2197.192138671875,853.1801147460938,111.60000000000001
6,25,1225.8204345703125,1027.4482421875,1384.5626220703125,1134.49755859375,111.60000000000001
4,25,2101.50390625,779.5218505859375,2192.921875,851.03662109375,115.2
6,25,1221.591064453125,1031.73095703125,1383.389892578125,1140.7138671875,111.60000000000001
4,25,2099.259521484375,777.9136962890625,2190.6357421875,849.349365234375,111.60000000000001
6,25,1217.499755859375,1035.830322265625,1380.6595458984375,1146.871337890625,111.60000000000001
4,25,2095.5361328125,776.1535034179688,2187.685302734375,847.1156616210938,111.60000000000001
6,25,1213.5098876953125,1041.737060546875,1377.3702392578125,1154.416259765625,115.2
4,25,2094.408203125,774.755126953125,2185.12060546875,845.361328125,111.60000000000001
7,1,1538.7740478515625,736.95556640625,1613.349609375,792.5855712890625,-1.0
6,25,1209.2154541015625,1047.612060546875,1375.6353759765625,1159.791748046875,115.2
4,25,2092.733642578125,772.828857421875,2182.2216796875,842.9384765625,118.8
7,2,1536.9547119140625,737.9295654296875,1611.6785888671875,794.2655639648438,-1.0
6,25,1204.8602294921875,1051.126220703125,1372.516357421875,1166.597412109375,111.60000000000001
4,25,2090.301513671875,771.27978515625,2179.427001953125,841.0962524414062,115.2
7,3,1533.21435546875,737.0323486328125,1611.61181640625,794.9324340820312,-1.0
6,25,1201.967041015625,1056.7381591796875,1370.991455078125,1172.7584228515625,111.60000000000001
4,25,2088.41064453125,770.801513671875,2176.7421875,839.883544921875,115.2
7,4,1535.84423828125,738.1365356445312,1609.9443359375,797.118896484375,-1.0
6,25,1196.333251953125,1062.89306640625,1369.679931640625,1178.27294921875,111.60000000000001
4,25,2085.2275390625,770.1146850585938,2174.275390625,838.6148071289062,115.2
7,5,1532.878662109375,740.4684448242188,1609.0147705078125,797.7410888671875,-1.0
6,25,1192.1868896484375,1069.3310546875,1366.20556640625,1185.94384765625,115.2
4,25,2082.127685546875,768.097412109375,2170.162109375,836.8099365234375,115.2
7,6,1533.2237548828125,740.955322265625,1607.1602783203125,799.4822387695312,-1.0
6,25,1188.483642578125,1074.930419921875,1363.164306640625,1193.7010498046875,111.60000000000001
4,25,2081.54052734375,766.2372436523438,2168.13232421875,835.9268188476562,111.60000000000001
7,7,1532.1763916015625,742.705810546875,1605.6617431640625,801.5245971679688,-1.0
6,25,1183.875244140625,1080.689453125,1360.0906982421875,1199.6990966796875,115.2
4,25,2079.361328125,765.3605346679688,2165.5390625,834.1904296875,111.60000000000001
7,8,1529.07080078125,743.27294921875,1603.78759765625,802.9458618164062,-1.0
6,25,1178.747802734375,1087.10546875,1357.738525390625,1205.409423828125,115.2
4,25,2077.65673828125,763.8865356445312,2163.772705078125,832.2723999023438,111.60000000000001
7,9,1528.944091796875,744.7325439453125,1602.22314453125,803.7236328125,-1.0
6,25,1172.92333984375,1093.279296875,1354.646240234375,1215.8492431640625,111.60000000000001
4,25,2074.69384765625,762.8746948242188,2161.35986328125,830.6240844726562,111.60000000000001
7,10,1526.2789306640625,746.6500854492188,1599.2197265625,804.2876586914062,-1.0
6,25,1168.57275390625,1099.125244140625,1351.3037109375,1223.556396484375,115.2
4,25,2072.249267578125,762.355224609375,2158.166748046875,828.580078125,115.2
7,11,1523.2142333984375,746.610107421875,1598.38623046875,805.7598876953125,-1.0
6,25,1165.336669921875,1104.4595947265625,1349.546630859375,1230.3804931640625,111.60000000000001
4,25,2071.279296875,759.6322021484375,2155.203125,827.19384765625,115.2
7,12,1516.283447265625,748.623779296875,1597.5224609375,806.89892578125,-1.0
6,25,1159.6221923828125,1111.706787109375,1346.235107421875,1240.98828125,115.2
4,25,2069.322265625,759.3250122070312,2153.123046875,825.9072875976562,115.2
7,13,1517.292724609375,749.0716552734375,1595.57421875,808.1817626953125,103.84615384615385
6,25,1154.873779296875,1120.0550537109375,1342.5595703125,1247.7998046875,115.2
4,25,2066.953857421875,758.1084594726562,2151.066650390625,824.8383178710938,111.60000000000001
7,14,1517.6861572265625,750.400146484375,1593.306884765625,809.0352783203125,102.85714285714285
6,25,1150.644287109375,1125.80615234375,1339.6826171875,1257.196044921875,111.60000000000001
4,25,2064.48095703125,757.3773193359375,2149.11474609375,823.5574951171875,111.60000000000001
7,15,1516.2459716796875,751.3883056640625,1591.70947265625,811.93505859375,108.0
6,25,1144.866943359375,1132.0037841796875,1336.314453125,1266.4149169921875,115.2
4,25,2063.8486328125,756.4004516601562,2145.149169921875,822.1869506835938,111.60000000000001
7,16,1512.6573486328125,753.7032470703125,1588.730712890625,813.1326904296875,106.875
6,25,1138.822021484375,1139.9034423828125,1334.56005859375,1273.762451171875,115.2
4,25,2060.463134765625,755.1094970703125,2141.64111328125,820.2933349609375,115.2
7,17,1511.00634765625,755.2780151367188,1587.5687255859375,814.3394165039062,105.88235294117646
6,25,1135.4381103515625,1146.9510498046875,1331.0555419921875,1280.8963623046875,115.2
4,25,2059.3564453125,753.0316772460938,2140.93994140625,818.1945190429688,115.2
7,18,1508.32080078125,756.8692016601562,1585.346435546875,815.5193481445312,105.0
6,25,1128.3934326171875,1154.4315185546875,1327.4873046875,1290.53564453125,111.60000000000001
7,19,1507.057373046875,757.4284057617188,1581.07421875,816.9124145507812,108.94736842105263
4,25,2057.72900390625,751.6263427734375,2139.5361328125,816.03076171875,115.2
6,25,1122.345947265625,1162.287353515625,1325.85400390625,1300.52734375,115.2
7,20,1505.4500732421875,758.8269653320312,1580.791259765625,819.0853271484375,108.0
4,25,2055.6640625,751.8400268554688,2137.240234375,815.1648559570312,111.60000000000001
6,25,1117.001708984375,1169.996337890625,1321.250244140625,1308.9678955078125,115.2
7,21,1502.6038818359375,759.9893188476562,1579.187255859375,820.0962524414062,107.14285714285715
4,25,2053.3740234375,749.1146850585938,2134.439208984375,812.9386596679688,115.2
6,25,1110.3115234375,1177.856201171875,1317.766357421875,1318.5517578125,115.2
4,25,2050.376220703125,747.5284423828125,2131.52978515625,812.1392211914062,111.60000000000001
7,22,1499.7171630859375,762.1322021484375,1575.637939453125,821.4375,106.36363636363637
6,25,1105.731201171875,1186.2548828125,1311.977294921875,1329.749755859375,115.2
7,23,1496.2437744140625,762.916259765625,1574.36376953125,823.3948974609375,109.56521739130434
4,25,2047.4967041015625,747.1259765625,2130.4169921875,810.128173828125,115.2
6,25,1099.39208984375,1194.65625,1309.66650390625,1340.68359375,115.2
4,25,2046.8193359375,746.6859130859375,2127.51025390625,809.267822265625,111.60000000000001
7,24,1493.837646484375,764.2714233398438,1572.9052734375,825.0997924804688,108.75000000000001
6,25,1092.64111328125,1203.2017822265625,1306.173095703125,1350.5400390625,111.60000000000001
4,25,2045.0372314453125,745.9671020507812,2124.49072265625,807.6626586914062,111.60000000000001
7,25,1490.361328125,765.3667602539062,1570.9434814453125,825.8961181640625,108.0
6,25,1086.696533203125,1211.358154296875,1304.0196533203125,1362.1441650390625,115.2
4,25,2043.449462890625,745.623291015625,2123.38671875,806.7921142578125,108.0
7,25,1488.769287109375,767.6552124023438,1570.035400390625,827.9207153320312,108.0
6,25,1078.80615234375,1221.856201171875,1299.4427490234375,1374.475341796875,115.2
4,25,2042.470458984375,743.1700439453125,2121.263671875,804.7391967773438,111.60000000000001
7,25,1486.2275390625,768.67431640625,1567.5604248046875,829.6796875,111.60000000000001
6,25,1071.381591796875,1230.3050537109375,1295.0137939453125,1384.051025390625,115.2
4,25,2041.8248291015625,741.7655029296875,2118.37939453125,803.097900390625,111.60000000000001
7,25,1483.485595703125,768.6919555664062,1564.652587890625,830.7533569335938,104.4
6,25,1066.5772705078125,1239.650146484375,1290.540771484375,1397.572509765625,115.2
4,25,2040.7730712890625,740.8148803710938,2116.23828125,802.0797729492188,111.60000000000001
7,25,1478.9139404296875,769.5205078125,1563.6229248046875,832.0037841796875,108.0
6,25,1057.9185791015625,1250.28955078125,1286.37744140625,1408.4315185546875,115.2
4,25,2037.536865234375,739.7935791015625,2115.80419921875,800.4659423828125,115.2
7,25,1477.6915283203125,772.3654174804688,1559.5645751953125,832.6895141601562,104.4
6,25,1050.8033447265625,1258.150146484375,1281.2568359375,1418.54248046875,115.2
7,25,1475.8626708984375,773.7973022460938,1557.4822998046875,834.0272827148438,100.8
6,25,1042.8585205078125,1269.6337890625,1277.0943603515625,1432.1448974609375,115.2
7,25,1472.382568359375,775.1392822265625,1554.977783203125,836.7286376953125,104.4
6,25,1034.37548828125,1279.96923828125,1271.81787109375,1446.01171875,115.2
7,25,1471.531982421875,774.7252807617188,1552.646240234375,837.9721069335938,104.4
6,25,1026.5277099609375,1289.986572265625,1267.8621826171875,1459.83642578125,115.2
7,25,1469.6099853515625,776.2734375,1552.39453125,839.7559204101562,108.0
6,25,1017.0910034179688,1302.6876220703125,1262.082763671875,1472.0477294921875,115.2
7,25,1464.8323974609375,775.8529052734375,1549.5538330078125,841.4708251953125,104.4
6,25,1008.47607421875,1314.06298828125,1255.9515380859375,1487.901123046875,115.2
7,25,1462.6014404296875,778.3130493164062,1546.378173828125,843.400634765625,108.0
6,25,998.2560424804688,1325.388427734375,1250.333251953125,1503.5811767578125,115.2
7,25,1460.974609375,779.71875,1543.9925537109375,844.83251953125,108.0
6,25,988.1497192382812,1337.57470703125,1243.292236328125,1517.862060546875,115.2
7,25,1459.332275390625,782.224609375,1543.0654296875,846.27294921875,108.0
6,25,978.9324951171875,1350.851318359375,1237.3834228515625,1533.73291015625,115.2
7,25,1455.38427734375,782.9954223632812,1539.68310546875,847.1295776367188,100.8
6,25,966.9248046875,1363.2470703125,1231.835205078125,1548.87841796875,111.60000000000001
7,25,1452.808837890625,783.4912719726562,1537.724853515625,849.7922973632812,104.4
6,25,956.2320556640625,1376.7705078125,1224.455322265625,1566.69384765625,115.2
7,25,1452.036376953125,786.91552734375,1538.0496826171875,851.4576416015625,104.4
6,25,944.3944702148438,1391.69873046875,1217.4189453125,1585.1019287109375,115.2
7,25,1448.10498046875,787.1552124023438,1535.1727294921875,852.5040893554688,104.4
6,25,932.5380859375,1406.529052734375,1208.229248046875,1603.1619873046875,118.8
7,25,1446.924560546875,788.36865234375,1533.865234375,854.570068359375,104.4
6,25,919.4335327148438,1421.17138671875,1199.251220703125,1620.47216796875,115.2
7,25,1444.251708984375,790.0241088867188,1530.5511474609375,855.5205688476562,100.8
6,25,908.2545776367188,1436.45849609375,1193.10400390625,1641.871826171875,118.8
7,25,1441.9254150390625,792.04443359375,1529.06787109375,858.102783203125,104.4
6,25,892.6556396484375,1452.23046875,1183.8505859375,1661.388671875,118.8
7,25,1439.385498046875,793.0061645507812,1526.87255859375,861.2880249023438,108.0
6,25,876.9151611328125,1467.6383056640625,1173.0640869140625,1682.2364501953125,115.2
7,25,1437.3529052734375,792.567626953125,1527.5142822265625,862.0755615234375,104.4
6,25,863.4058227539062,1485.1165771484375,1163.2626953125,1701.91552734375,118.8
7,25,1434.8768310546875,796.3895874023438,1524.9315185546875,865.8733520507812,108.0
6,25,846.8523559570312,1503.9239501953125,1152.9248046875,1727.44775390625,118.8
7,25,1431.967041015625,798.1712646484375,1523.77099609375,868.139404296875,111.60000000000001
6,25,830.4417114257812,1521.938232421875,1144.5421142578125,1750.60986328125,115.2
7,25,1430.6431884765625,798.0675659179688,1524.2108154296875,868.8198852539062,104.4
6,25,814.4342651367188,1540.2806396484375,1131.06494140625,1772.5198974609375,118.8
7,25,1428.1951904296875,800.7301025390625,1519.6875,871.3154296875,108.0
6,25,796.3304443359375,1561.4674072265625,1119.8140869140625,1798.1700439453125,118.8
7,25,1426.66552734375,802.2031860351562,1515.8031005859375,872.9723510742188,108.0
6,25,777.3370971679688,1580.6180419921875,1107.0546875,1823.8399658203125,118.8
7,25,1424.093017578125,802.32568359375,1515.218017578125,874.1392822265625,104.4
6,25,756.3497314453125,1603.2286376953125,1094.8729248046875,1847.3184814453125,118.8
7,25,1422.0084228515625,805.8151245117188,1511.9300537109375,876.4649047851562,108.0
6,25,736.0402221679688,1626.2061767578125,1081.7164306640625,1879.5194091796875,118.8
7,25,1420.04345703125,807.2908935546875,1508.70263671875,877.605712890625,108.0
6,25,714.41015625,1648.0224609375,1069.132080078125,1905.38525390625,118.8
7,25,1416.881103515625,807.375,1510.015869140625,879.4486083984375,104.4
6,25,692.466552734375,1669.720458984375,1052.6024169921875,1935.791015625,118.8
7,25,1414.69873046875,811.0001220703125,1502.7490234375,880.7074584960938,100.8
6,25,669.5798950195312,1696.09521484375,1039.740234375,1966.985107421875,118.8
7,25,1412.3343505859375,812.0062866210938,1503.4847412109375,881.6581420898438,100.8
6,25,644.670654296875,1721.1910400390625,1021.2943725585938,1999.352783203125,118.8
7,25,1410.251220703125,812.9287719726562,1501.01220703125,884.1458129882812,100.8
6,25,618.1565551757812,1748.7835693359375,1004.7896118164062,2035.3868408203125,118.8
7,25,1408.75048828125,813.506103515625,1497.888427734375,887.1998291015625,100.8
6,25,590.8200073242188,1776.443359375,988.951904296875,2074.403564453125,118.8
7,25,1406.1771240234375,814.9337158203125,1495.9207763671875,888.0242919921875,100.8
6,25,563.4131469726562,1805.3829345703125,972.5154418945312,2112.435546875,118.8
7,25,1402.40283203125,816.3114624023438,1493.4654541015625,891.2594604492188,104.4
6,25,534.8541870117188,1837.078857421875,951.40283203125,2150.6611328125,118.8
7,25,1401.711181640625,817.0927734375,1491.44482421875,891.238037109375,104.4
6,25,501.030029296875,1868.316650390625,930.0734252929688,2154.15576171875,115.2
7,25,1399.595458984375,820.5082397460938,1491.7037353515625,894.0690307617188,100.8
6,25,462.79083251953125,1904.1903076171875,910.1764526367188,2156.482421875,108.0
7,25,1396.26953125,822.83349609375,1490.215087890625,896.6195068359375,104.4
6,25,439.75909423828125,1940.36865234375,890.0667724609375,2156.85791015625,104.4
7,25,1393.84326171875,822.7196044921875,1488.2972412109375,898.7530517578125,104.4
6,25,410.0262451171875,1978.4769287109375,865.80908203125,2155.3134765625,97.2
7,25,1390.1484375,826.7296142578125,1486.61669921875,901.6343994140625,100.8
7,25,1387.67822265625,827.5717163085938,1483.6641845703125,904.1539306640625,108.0
6,25,373.9579772949219,2019.2178955078125,840.7562255859375,2158.601806640625,93.60000000000001
7,25,1386.2880859375,829.837646484375,1481.66796875,906.059326171875,104.4
7,25,1384.08154296875,831.2955322265625,1480.009521484375,908.85205078125,100.8
7,25,1380.991455078125,834.3290405273438,1477.8189697265625,912.421142578125,104.4
7,25,1378.508056640625,837.2777709960938,1476.6068115234375,914.495361328125,100.8
7,25,1375.11328125,838.0794067382812,1474.4857177734375,917.5933227539062,100.8
7,25,1372.8924560546875,839.1798095703125,1474.0845947265625,920.9195556640625,104.4
7,25,1370.1944580078125,841.385009765625,1470.6231689453125,923.18994140625,100.8
7,25,1367.1978759765625,845.6017456054688,1468.31640625,925.7221069335938,104.4
7,25,1362.730224609375,846.1378784179688,1465.3018798828125,926.5394897460938,104.4
7,25,1359.10498046875,848.7568359375,1464.87939453125,928.9423828125,100.8
7,25,1358.034912109375,850.6055908203125,1463.07958984375,932.457763671875,104.4
7,25,1354.1898193359375,852.5706787109375,1460.460205078125,933.6710205078125,100.8
7,25,1352.1807861328125,853.7393188476562,1459.5860595703125,936.4660034179688,108.0
7,25,1348.689208984375,854.4179077148438,1457.57080078125,940.0651245117188,108.0
7,25,1346.5645751953125,855.8232421875,1456.08251953125,941.7344970703125,108.0
7,25,1344.975341796875,858.64404296875,1454.0810546875,945.2408447265625,108.0
7,25,1341.2685546875,861.5753173828125,1451.135498046875,947.5382080078125,108.0
7,25,1339.755615234375,861.9053955078125,1449.387451171875,949.5665283203125,100.8
7,25,1333.832763671875,865.501220703125,1446.6611328125,952.9913330078125,108.0
7,25,1331.1390380859375,868.3504028320312,1445.15673828125,955.2652587890625,108.0
7,25,1328.3675537109375,868.7184448242188,1444.4652099609375,957.2276000976562,104.4
7,25,1327.0467529296875,871.966064453125,1440.801025390625,961.1043701171875,104.4
7,25,1325.077880859375,873.9151611328125,1438.2667236328125,963.8338623046875,104.4
7,25,1323.0703125,876.8314819335938,1436.9564208984375,967.0105590820312,104.4
7,25,1320.1063232421875,880.3565673828125,1434.435302734375,970.812255859375,104.4
7,25,1316.9990234375,881.5380859375,1431.953369140625,974.1890869140625,108.0
7,25,1314.728515625,884.1767578125,1430.9716796875,977.1692504882812,104.4
7,25,1312.8267822265625,889.302978515625,1426.111328125,980.2628173828125,104.4
7,25,1309.802734375,892.219482421875,1424.8125,982.568115234375,100.8
7,25,1305.3037109375,894.400634765625,1422.77880859375,987.443115234375,104.4
7,25,1300.60107421875,897.7421264648438,1420.3040771484375,990.8270874023438,104.4
7,25,1299.255126953125,898.6349487304688,1419.7314453125,994.2361450195312,100.8
7,25,1295.86767578125,902.2501831054688,1417.6943359375,998.2282104492188,104.4
7,25,1292.7135009765625,905.7394409179688,1413.8121337890625,1001.55029296875,108.0
7,25,1289.4722900390625,907.2962036132812,1412.14501953125,1004.1304321289062,104.4
7,25,1281.070068359375,909.616943359375,1409.651123046875,1006.742919921875,104.4
7,25,1279.500732421875,913.2042236328125,1408.03857421875,1011.4818115234375,104.4
7,25,1277.632080078125,918.0303955078125,1405.603515625,1015.6060180664062,104.4
7,25,1274.0848388671875,917.357666015625,1403.47705078125,1017.6069946289062,104.4
7,25,1272.220703125,920.3594970703125,1400.6661376953125,1021.7940673828125,100.8
7,25,1268.7923583984375,924.555908203125,1398.8382568359375,1026.3402099609375,104.4
7,25,1266.4931640625,928.2891845703125,1395.56787109375,1029.4864501953125,108.0
7,25,1261.09521484375,928.802001953125,1393.880859375,1033.111572265625,104.4
7,25,1255.8857421875,933.7010498046875,1390.245849609375,1037.8214111328125,108.0
7,25,1253.34716796875,938.2003173828125,1387.41552734375,1042.2772216796875,108.0
7,25,1249.92626953125,940.1423950195312,1383.5599365234375,1045.627685546875,108.0
7,25,1246.758544921875,942.3006591796875,1380.8551025390625,1051.3919677734375,111.60000000000001
7,25,1240.9395751953125,947.6303100585938,1378.601318359375,1054.0849609375,104.4
7,25,1236.7796630859375,952.1098022460938,1376.2694091796875,1058.0234375,104.4
7,25,1232.352294921875,954.5026245117188,1374.537109375,1061.550537109375,100.8
7,25,1229.8758544921875,957.968994140625,1372.532958984375,1067.1346435546875,104.4
7,25,1226.0772705078125,962.356201171875,1369.87255859375,1072.56298828125,104.4
7,25,1223.30078125,966.0218505859375,1366.134033203125,1076.9283447265625,108.0
7,25,1220.4854736328125,969.47314453125,1363.240234375,1080.775146484375,104.4
7,25,1213.185302734375,972.320556640625,1359.7781982421875,1085.994384765625,104.4
7,25,1211.015380859375,978.033447265625,1357.537109375,1090.892333984375,104.4
7,25,1207.4400634765625,980.6412963867188,1354.55322265625,1095.354248046875,104.4
7,25,1202.580078125,984.1008911132812,1351.259033203125,1100.08984375,104.4
7,25,1201.32470703125,988.7715454101562,1348.517822265625,1106.029296875,104.4
7,25,1194.396728515625,992.9578857421875,1345.3193359375,1110.639892578125,108.0
7,25,1188.6644287109375,996.5711669921875,1342.5914306640625,1116.13671875,104.4
7,25,1186.1326904296875,1001.8441772460938,1340.1676025390625,1121.025634765625,108.0
7,25,1180.6094970703125,1004.8939208984375,1336.30517578125,1126.2327880859375,108.0
7,25,1177.1136474609375,1010.42138671875,1333.2410888671875,1131.8045654296875,108.0
7,25,1173.550048828125,1013.5372924804688,1330.757080078125,1136.47900390625,104.4
7,25,1168.111572265625,1017.9949951171875,1327.0908203125,1144.1422119140625,108.0
7,25,1166.11181640625,1023.7183227539062,1324.791259765625,1149.540283203125,108.0
7,25,1158.449462890625,1028.04931640625,1321.80126953125,1155.2047119140625,104.4
7,25,1153.0263671875,1033.001220703125,1317.3668212890625,1161.01171875,104.4
7,25,1147.85595703125,1038.078369140625,1313.62744140625,1167.884033203125,108.0
7,25,1144.162109375,1042.260009765625,1311.148193359375,1172.68994140625,104.4
7,25,1138.370849609375,1046.471435546875,1307.23046875,1178.30322265625,108.0
7,25,1133.3924560546875,1053.020263671875,1302.8895263671875,1185.038818359375,108.0
7,25,1127.35400390625,1057.875244140625,1300.0997314453125,1192.476318359375,108.0
7,25,1122.278564453125,1062.2230224609375,1297.3507080078125,1198.53271484375,104.4
7,25,1118.3363037109375,1068.59130859375,1292.5157470703125,1206.01123046875,108.0
7,25,1111.7889404296875,1074.281982421875,1288.3194580078125,1212.2508544921875,104.4
7,25,1104.566650390625,1079.58740234375,1285.64306640625,1218.21142578125,104.4
7,25,1100.0517578125,1085.6964111328125,1281.33203125,1226.145751953125,104.4
7,25,1094.950439453125,1089.134521484375,1277.46923828125,1232.533935546875,104.4
7,25,1088.7884521484375,1095.900390625,1274.465087890625,1240.2105712890625,108.0
7,25,1082.5509033203125,1102.8887939453125,1269.9095458984375,1247.9669189453125,104.4
7,25,1077.377197265625,1109.1705322265625,1263.7415771484375,1256.9088134765625,104.4
7,25,1071.232421875,1114.1949462890625,1260.982666015625,1264.03857421875,104.4
7,25,1062.8125,1120.7933349609375,1257.131591796875,1270.9024658203125,108.0
7,25,1055.8916015625,1127.7576904296875,1251.782958984375,1279.812255859375,104.4
7,25,1049.96923828125,1133.264404296875,1246.305908203125,1289.369873046875,104.4
7,25,1042.82861328125,1140.236328125,1243.3702392578125,1298.607177734375,108.0
9,1,1419.101318359375,791.1353759765625,1455.462646484375,861.2109375,-1.0
7,25,1035.7728271484375,1147.072021484375,1237.9151611328125,1307.931396484375,108.0
9,2,1417.27783203125,792.5543212890625,1453.4775390625,862.0556640625,-1.0
7,25,1027.6856689453125,1156.324462890625,1233.07275390625,1315.84228515625,104.4
9,3,1415.445068359375,794.7951049804688,1452.85498046875,863.9551391601562,-1.0
7,25,1021.5166625976562,1162.435791015625,1229.1865234375,1324.4381103515625,104.4
9,4,1413.4169921875,794.8319091796875,1452.734375,864.12451171875,-1.0
7,25,1013.133544921875,1171.9208984375,1222.46337890625,1333.84765625,104.4
9,5,1412.1690673828125,797.3338623046875,1451.8729248046875,867.2493896484375,-1.0
7,25,1005.0855102539062,1178.5540771484375,1216.8935546875,1345.0223388671875,108.0
9,6,1411.308837890625,797.72802734375,1449.82470703125,868.8759765625,-1.0
7,25,996.4376220703125,1186.620849609375,1212.268798828125,1356.439453125,104.4
9,7,1409.3843994140625,800.5658569335938,1449.7628173828125,869.6632690429688,-1.0
7,25,990.4381713867188,1193.4749755859375,1206.195068359375,1364.26416015625,104.4
9,8,1407.360595703125,800.3212280273438,1448.6429443359375,871.9963989257812,-1.0
7,25,981.563720703125,1202.59521484375,1200.16162109375,1375.56494140625,104.4
9,9,1406.5517578125,802.755126953125,1447.5487060546875,873.282958984375,-1.0
7,25,971.314697265625,1209.13134765625,1194.2227783203125,1384.7041015625,108.0
9,10,1403.74560546875,804.1590576171875,1447.6719970703125,874.6500244140625,-1.0
7,25,963.1534423828125,1218.385986328125,1188.220703125,1396.399658203125,108.0
9,11,1402.927978515625,805.527099609375,1446.9425048828125,876.4879760742188,-1.0
7,25,953.1040649414062,1227.58056640625,1181.7652587890625,1407.0880126953125,108.0
9,12,1401.0048828125,806.4362182617188,1444.322265625,878.0260620117188,-1.0
7,25,944.568359375,1235.386474609375,1174.9100341796875,1416.712158203125,104.4
9,13,1399.43896484375,807.4368896484375,1443.6455078125,879.2823486328125,76.15384615384616
7,25,935.338623046875,1243.6226806640625,1169.107177734375,1429.2615966796875,104.4
9,14,1397.6265869140625,808.7362060546875,1443.490478515625,881.3682861328125,77.14285714285714
7,25,925.2606201171875,1255.9046630859375,1162.1900634765625,1442.9739990234375,108.0
9,15,1395.287353515625,809.093994140625,1441.221435546875,882.161865234375,78.0
7,25,915.0357055664062,1264.2281494140625,1155.8463134765625,1455.6278076171875,108.0
9,16,1393.4183349609375,810.659912109375,1441.5867919921875,883.8863525390625,78.75
7,25,905.4508666992188,1272.72900390625,1147.63671875,1467.6116943359375,108.0
9,17,1391.7841796875,813.2810668945312,1440.27392578125,885.3189697265625,74.11764705882352
7,25,894.4849853515625,1283.639892578125,1140.2509765625,1481.03125,108.0
9,18,1390.4615478515625,813.519287109375,1439.278564453125,886.2156372070312,75.00000000000001
7,25,883.7847900390625,1292.28125,1133.482666015625,1495.3748779296875,108.0
9,19,1389.05322265625,815.33837890625,1437.9208984375,887.4307861328125,75.78947368421053
7,25,872.33349609375,1305.2647705078125,1125.0146484375,1508.806640625,108.0
9,20,1387.457275390625,816.5311889648438,1437.34228515625,889.7155151367188,76.5
7,25,859.8396606445312,1316.2906494140625,1116.7666015625,1521.13671875,108.0
9,21,1385.69873046875,817.77392578125,1434.88134765625,891.2698974609375,77.14285714285715
7,25,848.1073608398438,1327.6533203125,1108.93603515625,1535.960205078125,104.4
9,22,1384.0357666015625,818.7211303710938,1434.3316650390625,893.5548706054688,77.72727272727272
7,25,836.9337158203125,1339.123291015625,1100.370849609375,1550.351318359375,108.0
9,23,1382.4674072265625,820.010986328125,1433.9466552734375,896.7137451171875,82.17391304347827
7,25,823.7943115234375,1351.2117919921875,1091.7581787109375,1569.6533203125,108.0
9,24,1380.14111328125,820.1083984375,1432.678955078125,897.1859130859375,78.75
7,25,810.4290161132812,1363.71484375,1083.683837890625,1582.58984375,104.4
9,25,1377.693359375,821.0011596679688,1431.6416015625,899.5947875976562,79.2
7,25,796.90087890625,1376.0233154296875,1073.0772705078125,1599.4844970703125,108.0
9,25,1376.162109375,823.7122802734375,1431.1072998046875,900.9013671875,82.8
7,25,783.9955444335938,1387.92236328125,1064.7681884765625,1616.130859375,108.0
9,25,1374.5284423828125,824.4990234375,1429.5765380859375,903.0150146484375,82.8
7,25,768.3856201171875,1404.1572265625,1054.5673828125,1634.131103515625,108.0
9,25,1372.246826171875,827.4195556640625,1429.255615234375,904.4703369140625,86.4
7,25,754.0442504882812,1416.5888671875,1044.10888671875,1652.75537109375,108.0
9,25,1370.466796875,828.894287109375,1427.7454833984375,906.3489990234375,82.8
7,25,739.978515625,1432.355712890625,1035.0400390625,1670.6751708984375,108.0
9,25,1368.4793701171875,830.8148803710938,1426.5025634765625,909.0888061523438,82.8
7,25,722.742431640625,1447.0665283203125,1021.9176025390625,1691.110107421875,108.0
9,25,1366.412353515625,831.2464599609375,1426.582275390625,910.8206176757812,82.8
7,25,707.259765625,1461.4033203125,1013.0106201171875,1711.3670654296875,108.0
9,25,1364.84814453125,833.62158203125,1425.5030517578125,912.5684814453125,82.8
7,25,691.4554443359375,1477.8353271484375,1000.7108154296875,1731.311279296875,108.0
9,25,1363.12939453125,835.591552734375,1424.0101318359375,914.6268310546875,82.8
7,25,673.2730712890625,1494.5242919921875,990.90185546875,1754.671875,108.0
9,25,1362.026611328125,836.1448974609375,1424.36328125,916.3333740234375,82.8
7,25,656.2803344726562,1509.9820556640625,976.740966796875,1779.19921875,108.0
9,25,1359.302978515625,837.969482421875,1420.789794921875,920.795166015625,86.4
7,25,637.300537109375,1529.91357421875,966.3704223632812,1799.304931640625,108.0
9,25,1357.634033203125,839.8115844726562,1420.074462890625,922.6605834960938,86.4
7,25,618.6791381835938,1547.901123046875,952.4337158203125,1823.21484375,111.60000000000001
9,25,1355.3104248046875,841.7607421875,1419.6031494140625,924.6851806640625,86.4
7,25,598.704345703125,1564.182861328125,940.7792358398438,1847.59716796875,111.60000000000001
9,25,1353.1734619140625,843.2521362304688,1418.292236328125,926.2545776367188,86.4
7,25,577.7572021484375,1586.011962890625,925.5731201171875,1874.760498046875,108.0
9,25,1351.3436279296875,845.6672973632812,1418.303466796875,927.2715454101562,86.4
7,25,557.0560913085938,1604.674072265625,911.20751953125,1900.7911376953125,108.0
9,25,1349.4385986328125,846.3026123046875,1416.581787109375,928.54443359375,82.8
7,25,535.4580688476562,1627.869140625,897.4487915039062,1928.7484130859375,111.60000000000001
9,25,1347.1043701171875,848.0399780273438,1414.650390625,930.5533447265625,86.4
7,25,511.4934997558594,1647.1204833984375,880.3474731445312,1961.3433837890625,108.0
11,1,3697.158203125,1745.362060546875,3839.25244140625,2032.257568359375,-1.0
9,25,1345.5386962890625,849.387451171875,1414.00537109375,932.984619140625,86.4
7,25,488.4517822265625,1671.131103515625,865.5479736328125,1990.012939453125,108.0
11,2,3645.62841796875,1709.4049072265625,3839.1474609375,1994.6290283203125,-1.0
9,25,1343.281005859375,851.5145263671875,1411.871826171875,934.8505859375,86.4
7,25,462.91607666015625,1694.294677734375,848.6119384765625,2021.6510009765625,111.60000000000001
9,25,1340.767578125,853.229736328125,1411.9912109375,937.11328125,86.4
7,25,436.94219970703125,1718.54736328125,831.5886840820312,2053.386474609375,111.60000000000001
9,25,1339.13427734375,854.6138305664062,1409.4951171875,938.2359008789062,86.4
7,25,409.3320007324219,1743.7734375,813.2657470703125,2090.537841796875,111.60000000000001
9,25,1337.7659912109375,855.2554321289062,1408.7010498046875,939.8439331054688,82.8
7,25,380.6806640625,1770.969482421875,797.0637817382812,2122.515625,108.0
9,25,1335.141845703125,858.0005493164062,1407.3056640625,942.5377807617188,82.8
7,25,349.6018371582031,1796.666748046875,777.2735595703125,2149.338134765625,108.0
9,25,1332.948486328125,859.46826171875,1405.8050537109375,945.1470947265625,86.4
7,25,319.52459716796875,1828.169677734375,756.163818359375,2152.10009765625,104.4
9,25,1329.758544921875,861.5502319335938,1405.4833984375,946.9881591796875,86.4
7,25,281.25164794921875,1857.246826171875,735.2411499023438,2152.821533203125,97.2
9,25,1327.829345703125,862.8505859375,1403.016845703125,950.05615234375,86.4
11,3,3310.556640625,1496.33935546875,3663.0859375,1736.904052734375,-1.0
7,25,253.9439697265625,1889.426025390625,711.915283203125,2153.734619140625,93.60000000000001
9,25,1325.6121826171875,865.3289794921875,1401.966796875,952.2843017578125,86.4
11,4,3276.649658203125,1476.774658203125,3619.994384765625,1707.0706787109375,-1.0
7,25,220.78024291992188,1923.88623046875,688.3634033203125,2155.8515625,90.0
9,25,1323.7298583984375,866.1765747070312,1402.3436279296875,954.0518188476562,86.4
11,5,3243.785888671875,1456.718505859375,3577.730712890625,1682.2935791015625,-1.0
7,25,184.10671997070312,1958.1778564453125,658.7493896484375,2156.781005859375,86.4
9,25,1321.859375,868.7770385742188,1400.408447265625,956.8038940429688,86.4
11,6,3211.80859375,1436.00439453125,3538.20361328125,1658.2666015625,-1.0
9,25,1319.7127685546875,870.306640625,1398.997802734375,958.78076171875,82.8
7,25,196.33151245117188,1994.971435546875,627.0393676757812,2156.04052734375,79.2
11,7,3181.970703125,1418.5887451171875,3501.599609375,1634.6865234375,-1.0
9,25,1317.2398681640625,871.5595703125,1398.4171142578125,961.380126953125,86.4
7,25,188.03463745117188,2035.064208984375,587.8309936523438,2158.116943359375,75.60000000000001
11,8,3153.255859375,1399.6328125,3462.68017578125,1612.0330810546875,-1.0
9,25,1315.1334228515625,874.5609130859375,1396.579833984375,963.666259765625,86.4
11,9,3124.528564453125,1383.849365234375,3429.076904296875,1591.0286865234375,-1.0
9,25,1312.7852783203125,876.6785888671875,1396.552734375,965.6700439453125,82.8
11,10,3097.968017578125,1366.48876953125,3395.492431640625,1571.206787109375,-1.0
9,25,1310.4931640625,878.2957763671875,1394.098388671875,969.161865234375,86.4
11,11,3071.353515625,1350.587646484375,3361.48876953125,1551.038818359375,-1.0
9,25,1306.966796875,880.2163696289062,1394.208251953125,971.1238403320312,82.8
11,12,3046.39013671875,1335.142578125,3332.222900390625,1530.860107421875,-1.0
9,25,1304.2056884765625,882.7369995117188,1391.5367431640625,974.2950439453125,82.8
11,13,3023.206787109375,1320.627197265625,3301.692626953125,1512.2933349609375,221.53846153846152
9,25,1302.805908203125,885.3199462890625,1390.3232421875,976.31201171875,82.8
11,14,2999.2451171875,1305.272705078125,3273.62060546875,1495.060791015625,218.57142857142856
9,25,1300.7911376953125,888.1925048828125,1388.9871826171875,978.7757568359375,79.2
11,15,2977.964111328125,1291.740234375,3244.68310546875,1477.8922119140625,210.0
9,25,1298.1888427734375,890.0628662109375,1386.9525146484375,981.3314208984375,79.2
11,16,2955.353515625,1279.24365234375,3217.28857421875,1462.2236328125,208.125
9,25,1294.9654541015625,891.70361328125,1384.5498046875,983.9569091796875,82.8
11,17,2935.320556640625,1266.694091796875,3192.37255859375,1443.795166015625,206.47058823529412
9,25,1292.2781982421875,892.74462890625,1382.57666015625,986.2344360351562,82.8
11,18,2914.28271484375,1254.3529052734375,3166.88916015625,1428.505859375,200.0
9,25,1289.7509765625,894.8233642578125,1383.273193359375,988.659912109375,82.8
11,19,2894.3203125,1241.8758544921875,3143.041259765625,1413.97705078125,198.94736842105263
9,25,1287.02880859375,897.45263671875,1382.39599609375,991.8695068359375,82.8
11,20,2875.875,1230.3402099609375,3119.315185546875,1398.251953125,198.0
9,25,1283.55029296875,901.0307006835938,1381.105224609375,994.8696899414062,82.8
11,21,2858.0869140625,1219.32373046875,3096.92626953125,1385.02099609375,192.8571428571429
9,25,1280.9459228515625,903.1473388671875,1380.7982177734375,998.6046142578125,86.4
11,22,2838.57958984375,1207.45751953125,3073.885986328125,1370.761474609375,192.27272727272728
9,25,1279.13623046875,905.3406372070312,1379.73583984375,1001.4515991210938,90.0
11,23,2822.668212890625,1195.0509033203125,3054.158203125,1358.2425537109375,191.73913043478262
9,25,1276.9713134765625,906.9107666015625,1378.58349609375,1003.0711669921875,82.8
11,24,2806.099609375,1185.9578857421875,3034.47314453125,1344.209716796875,191.25
9,25,1273.5755615234375,908.8452758789062,1377.995849609375,1006.7371215820312,86.4
11,25,2791.46240234375,1176.361572265625,3014.65478515625,1332.167236328125,187.20000000000002
9,25,1269.9986572265625,911.8692626953125,1375.9134521484375,1009.546875,86.4
11,25,2773.4560546875,1166.150146484375,2993.309326171875,1320.080078125,187.20000000000002
9,25,1267.7677001953125,914.3726806640625,1374.439697265625,1012.4672241210938,86.4
11,25,2759.4443359375,1155.9166259765625,2975.5712890625,1307.8780517578125,144.0
9,25,1264.7578125,915.5614013671875,1373.036865234375,1015.2769775390625,82.8
11,25,2744.65478515625,1146.7987060546875,2957.249267578125,1296.3526611328125,144.0
9,25,1261.4853515625,918.3074340820312,1372.4296875,1017.8681030273438,82.8
11,25,2729.45703125,1138.0823974609375,2939.891357421875,1285.33544921875,144.0
9,25,1257.9417724609375,920.222900390625,1371.14404296875,1021.5670166015625,82.8
11,25,2715.812744140625,1128.7535400390625,2921.72705078125,1274.7662353515625,144.0
9,25,1255.3251953125,920.4885864257812,1369.698486328125,1024.9873046875,86.4
11,25,2701.419921875,1121.32421875,2905.3134765625,1264.1431884765625,144.0
9,25,1252.5966796875,924.7289428710938,1368.6368408203125,1027.3369140625,82.8
11,25,2689.40283203125,1111.56005859375,2888.38671875,1252.7193603515625,144.0
9,25,1249.4560546875,926.4105834960938,1366.439208984375,1030.742919921875,82.8
11,25,2674.335205078125,1103.722412109375,2872.919677734375,1243.3370361328125,147.6
9,25,1246.0653076171875,929.1177978515625,1365.327392578125,1033.6343994140625,86.4
11,25,2662.553955078125,1096.0762939453125,2857.81396484375,1233.9019775390625,144.0
9,25,1243.14453125,931.4624633789062,1363.226318359375,1036.73681640625,82.8
11,25,2649.6025390625,1088.19775390625,2843.0,1224.3583984375,144.0
9,25,1239.29833984375,934.2214965820312,1361.97802734375,1039.5531005859375,82.8
11,25,2638.0,1081.003662109375,2828.19970703125,1215.547119140625,144.0
9,25,1235.637939453125,935.00439453125,1360.19189453125,1044.2529296875,86.4
11,25,2626.330078125,1074.61279296875,2813.572265625,1205.3699951171875,144.0
9,25,1232.49609375,941.4944458007812,1359.0860595703125,1047.73583984375,86.4
11,25,2614.269287109375,1067.11572265625,2799.5380859375,1197.5869140625,144.0
9,25,1228.888427734375,944.5196533203125,1357.806640625,1051.65478515625,90.0
11,25,2601.78662109375,1059.7373046875,2783.863037109375,1187.878173828125,147.6
9,25,1225.836669921875,947.9807739257812,1357.592041015625,1054.350341796875,86.4
11,25,2591.06689453125,1053.12646484375,2771.69384765625,1179.77001953125,144.0
9,25,1224.1724853515625,950.714111328125,1355.332763671875,1057.8330078125,86.4
11,25,2577.894775390625,1047.108154296875,2757.948974609375,1172.29736328125,144.0
9,25,1220.1181640625,954.5906982421875,1354.708251953125,1061.1683349609375,86.4
11,25,2569.099609375,1039.700439453125,2745.25390625,1163.045166015625,147.6
9,25,1215.3631591796875,956.6951293945312,1351.688720703125,1065.172607421875,90.0
11,25,2557.538818359375,1033.362060546875,2732.504150390625,1156.543212890625,144.0
9,25,1211.624267578125,959.9126586914062,1350.432861328125,1069.3516845703125,90.0
11,25,2547.23486328125,1028.33837890625,2719.6689453125,1149.939697265625,140.4
9,25,1209.50244140625,962.6993408203125,1348.01416015625,1073.696044921875,90.0
11,25,2536.153564453125,1022.2699584960938,2707.648681640625,1142.6357421875,144.0
9,25,1205.7747802734375,966.7052001953125,1347.73046875,1077.4337158203125,86.4
11,25,2527.301513671875,1015.2394409179688,2693.533447265625,1133.14697265625,144.0
9,25,1200.184326171875,967.9619140625,1345.1240234375,1080.2646484375,86.4
11,25,2517.227294921875,1009.7894897460938,2682.65966796875,1127.951904296875,140.4
9,25,1198.0333251953125,970.5459594726562,1344.6146240234375,1083.29541015625,86.4
11,25,2506.373291015625,1004.5345458984375,2671.97216796875,1120.887451171875,140.4
9,25,1193.7529296875,974.2018432617188,1342.7152099609375,1087.61474609375,86.4
9,25,1190.8720703125,978.8072509765625,1340.385986328125,1092.9337158203125,86.4
11,25,2497.276611328125,1000.8323974609375,2659.902099609375,1112.393310546875,144.0
11,25,2489.60986328125,993.0325927734375,2648.5322265625,1106.344482421875,144.0
9,25,1187.163818359375,981.104736328125,1339.398681640625,1097.03759765625,86.4
9,25,1184.392822265625,983.9324340820312,1337.4495849609375,1101.286865234375,90.0
11,25,2478.80908203125,988.6283569335938,2636.505859375,1101.181884765625,144.0
11,25,2470.3525390625,983.807861328125,2626.35107421875,1094.4970703125,144.0
9,25,1181.52734375,987.391845703125,1336.55224609375,1104.976806640625,90.0
11,25,2461.76220703125,979.42822265625,2614.83837890625,1087.250732421875,144.0
9,25,1179.75390625,990.65966796875,1334.932373046875,1108.01171875,90.0
9,25,1176.049072265625,993.0887451171875,1333.752197265625,1112.5296630859375,86.4
11,25,2452.99755859375,974.139404296875,2604.0751953125,1081.7142333984375,144.0
9,25,1173.20166015625,997.54345703125,1333.19189453125,1117.5833740234375,90.0
11,25,2443.19873046875,967.58935546875,2594.54833984375,1075.44677734375,144.0
11,25,2434.313232421875,962.7979736328125,2585.4462890625,1069.720703125,140.4
9,25,1171.378173828125,998.466796875,1330.347412109375,1122.8697509765625,90.0
9,25,1171.315185546875,1004.315185546875,1328.851806640625,1125.896484375,90.0
11,25,2426.34765625,957.5630493164062,2574.61767578125,1063.8935546875,140.4
11,25,2418.58251953125,954.8358764648438,2564.298828125,1058.30419921875,144.0
9,25,1168.60791015625,1006.3064575195312,1327.99755859375,1129.98974609375,90.0
9,25,1167.87744140625,1010.6630859375,1327.2652587890625,1135.110107421875,90.0
11,25,2410.8076171875,949.5770874023438,2554.53515625,1053.0654296875,140.4
9,25,1165.5208740234375,1015.63525390625,1326.4119873046875,1141.071044921875,86.4
11,25,2401.975341796875,945.0382690429688,2546.044921875,1047.608154296875,144.0
9,25,1162.501953125,1018.5639038085938,1323.764404296875,1144.806396484375,86.4
11,25,2393.26318359375,940.8212890625,2536.63818359375,1041.9361572265625,144.0
9,25,1162.0009765625,1022.7333984375,1324.147705078125,1149.935791015625,86.4
11,25,2386.42724609375,937.0578002929688,2527.767333984375,1036.5244140625,140.4
9,25,1159.5205078125,1024.908203125,1323.6103515625,1154.236328125,90.0
11,25,2378.84375,934.0673217773438,2518.20947265625,1031.94189453125,140.4
9,25,1155.4912109375,1030.0223388671875,1321.601318359375,1159.5982666015625,90.0
11,25,2372.356201171875,929.5135498046875,2508.84130859375,1026.800048828125,140.4
9,25,1152.712646484375,1033.95947265625,1322.2635498046875,1164.65234375,90.0
11,25,2364.1630859375,923.1611328125,2499.6865234375,1021.998291015625,140.4
9,25,1149.0465087890625,1037.22998046875,1321.3084716796875,1170.3756103515625,86.4
11,25,2357.251708984375,919.11328125,2492.582763671875,1016.876953125,140.4
9,25,1146.582275390625,1039.984130859375,1319.6942138671875,1174.881591796875,86.4
11,25,2350.6474609375,916.7659912109375,2482.927490234375,1012.317138671875,140.4
9,25,1145.4041748046875,1044.4830322265625,1318.8995361328125,1178.983154296875,86.4
11,25,2342.349609375,912.993896484375,2474.64111328125,1007.8377685546875,144.0
9,25,1141.5765380859375,1050.606201171875,1319.2899169921875,1184.305908203125,86.4
11,25,2335.4404296875,909.6796875,2467.946044921875,1003.8585205078125,140.4
9,25,1138.6630859375,1054.755859375,1317.39306640625,1190.643798828125,86.4
11,25,2329.255615234375,907.6427001953125,2458.3291015625,998.9833984375,140.4
9,25,1138.3341064453125,1059.8785400390625,1317.339111328125,1196.675537109375,90.0
11,25,2323.72314453125,903.2969970703125,2451.2978515625,994.0975341796875,144.0
9,25,1136.630615234375,1061.4349365234375,1315.9560546875,1201.5927734375,86.4
11,25,2316.93359375,897.9056396484375,2444.4677734375,989.635986328125,144.0
9,25,1135.736083984375,1067.0987548828125,1314.7755126953125,1206.989501953125,86.4
11,25,2311.783203125,894.1051025390625,2437.40869140625,986.04345703125,140.4
9,25,1132.271728515625,1074.17822265625,1314.361572265625,1214.768798828125,86.4
11,25,2305.62158203125,892.152099609375,2429.406005859375,982.5552978515625,136.8
9,25,1129.2894287109375,1079.095703125,1312.669921875,1219.985107421875,86.4
11,25,2299.7421875,889.493408203125,2422.515869140625,977.7227783203125,140.4
9,25,1127.81787109375,1081.7017822265625,1312.194580078125,1224.0010986328125,86.4
11,25,2293.8662109375,886.610107421875,2414.947998046875,973.654296875,140.4
9,25,1126.671630859375,1084.903564453125,1312.1787109375,1230.78466796875,86.4
11,25,2287.932861328125,883.84130859375,2407.8017578125,969.54638671875,140.4
9,25,1124.5654296875,1087.599365234375,1312.591796875,1237.370361328125,86.4
11,25,2282.969970703125,881.3831176757812,2400.929443359375,964.4035034179688,144.0
9,25,1121.962890625,1089.92578125,1312.138427734375,1244.4451904296875,86.4
11,25,2275.445068359375,876.02197265625,2396.16650390625,961.8768310546875,140.4
9,25,1119.375,1100.8271484375,1311.7598876953125,1250.0753173828125,86.4
11,25,2270.541015625,871.6708374023438,2388.49853515625,958.1519165039062,140.4
9,25,1118.50830078125,1106.256591796875,1311.80078125,1257.967529296875,86.4
11,25,2264.408447265625,869.10205078125,2382.371826171875,953.5101928710938,140.4
9,25,1116.490966796875,1107.695556640625,1311.4547119140625,1263.64990234375,86.4
11,25,2259.5341796875,867.6746826171875,2375.42724609375,950.3941650390625,140.4
9,25,1115.04296875,1116.6116943359375,1311.138916015625,1270.55908203125,86.4
11,25,2256.15869140625,864.6644897460938,2369.9375,946.2145385742188,144.0
9,25,1112.7147216796875,1123.1671142578125,1311.2969970703125,1276.4952392578125,86.4
11,25,2250.1943359375,861.4969482421875,2362.66455078125,942.5145263671875,140.4
9,25,1111.466552734375,1127.677001953125,1311.763671875,1285.07373046875,90.0
11,25,2244.495849609375,859.2220458984375,2358.153076171875,939.2021484375,140.4
9,25,1109.075927734375,1134.298583984375,1311.998046875,1291.60888671875,86.4
11,25,2240.35888671875,856.9912719726562,2351.79736328125,935.6297607421875,140.4
9,25,1107.6346435546875,1130.987548828125,1311.6865234375,1299.25927734375,90.0
11,25,2234.95458984375,853.8533935546875,2345.704833984375,932.8604736328125,140.4
9,25,1105.474853515625,1136.1141357421875,1312.1357421875,1307.7008056640625,90.0
11,25,2232.916259765625,849.775634765625,2339.888671875,929.0885009765625,144.0
9,25,1103.549072265625,1150.39794921875,1311.6376953125,1315.1287841796875,90.0
11,25,2225.465576171875,846.19482421875,2335.643798828125,926.2846069335938,140.4
9,25,1101.83251953125,1156.464599609375,1311.98388671875,1320.9149169921875,90.0
11,25,2222.386962890625,844.9310302734375,2330.4287109375,923.220703125,140.4
9,25,1100.259033203125,1163.6357421875,1311.782470703125,1328.7535400390625,90.0
11,25,2216.3955078125,843.097412109375,2324.6923828125,920.578857421875,140.4
9,25,1097.1163330078125,1170.901123046875,1311.610107421875,1337.81005859375,90.0
11,25,2212.447265625,839.5131225585938,2319.012451171875,916.6192016601562,140.4
9,25,1096.11474609375,1177.64111328125,1312.4710693359375,1345.6483154296875,90.0
11,25,2207.665283203125,837.5502319335938,2314.28466796875,914.0117797851562,140.4
9,25,1093.8189697265625,1180.66552734375,1311.867919921875,1357.464599609375,90.0
11,25,2204.073974609375,835.8920288085938,2309.599853515625,910.8023071289062,140.4
9,25,1090.7208251953125,1182.20556640625,1311.8623046875,1365.067138671875,90.0
11,25,2199.307861328125,833.3959350585938,2303.49560546875,908.4874877929688,136.8
9,25,1090.100341796875,1198.076416015625,1312.968994140625,1371.3394775390625,90.0
11,25,2195.13134765625,830.82275390625,2299.969482421875,905.281494140625,136.8
9,25,1088.71826171875,1204.882568359375,1312.31591796875,1379.813720703125,90.0
11,25,2191.141845703125,827.185546875,2294.61181640625,902.3523559570312,140.4
9,25,1086.60888671875,1212.2200927734375,1313.032958984375,1390.740966796875,90.0
11,25,2186.82470703125,824.7632446289062,2290.10498046875,898.4249267578125,144.0
9,25,1083.078125,1218.171875,1312.7384033203125,1400.7900390625,90.0
11,25,2183.589111328125,823.3815307617188,2286.04833984375,896.0264282226562,140.4
9,25,1081.4263916015625,1219.41162109375,1314.20361328125,1410.4149169921875,90.0
11,25,2180.1201171875,821.3146362304688,2280.068115234375,892.6206665039062,140.4
9,25,1079.1873779296875,1229.3250732421875,1319.0126953125,1416.4317626953125,90.0
11,25,2177.549560546875,819.489990234375,2277.15673828125,891.2741088867188,136.8
9,25,1076.265869140625,1233.086669921875,1325.8515625,1427.01513671875,90.0
11,25,2171.95849609375,816.8499755859375,2271.1767578125,889.1087036132812,133.20000000000002
9,25,1074.067626953125,1234.2542724609375,1332.819091796875,1438.8988037109375,90.0
11,25,2167.28369140625,815.1857299804688,2267.212890625,886.0885620117188,136.8
9,25,1070.40283203125,1257.40576171875,1315.060791015625,1451.1390380859375,93.60000000000001
11,25,2165.040283203125,813.5086669921875,2264.234130859375,883.9852294921875,136.8
9,25,1068.9521484375,1262.179443359375,1315.4849853515625,1460.74853515625,90.0
11,25,2162.54248046875,811.6012573242188,2259.267333984375,880.207763671875,136.8
9,25,1065.94677734375,1270.2352294921875,1314.7679443359375,1471.560791015625,93.60000000000001
11,25,2159.2373046875,809.089599609375,2255.22509765625,877.67578125,136.8
9,25,1063.46728515625,1285.11962890625,1314.04443359375,1479.483154296875,90.0
11,25,2155.1611328125,807.0045166015625,2250.9150390625,874.9188232421875,136.8
9,25,1060.918701171875,1281.576416015625,1313.927001953125,1493.7978515625,93.60000000000001
11,25,2152.19677734375,804.9248657226562,2246.8857421875,872.9866333007812,136.8
9,25,1058.251953125,1300.028564453125,1315.1898193359375,1507.159912109375,90.0
11,25,2147.52880859375,802.0695190429688,2242.960693359375,870.2880249023438,136.8
9,25,1055.9937744140625,1311.41943359375,1316.123291015625,1516.9031982421875,93.60000000000001
11,25,2144.095703125,799.8330688476562,2239.7529296875,867.6593627929688,136.8
9,25,1053.0428466796875,1311.515380859375,1316.7535400390625,1529.131103515625,90.0
11,25,2143.010986328125,798.6712646484375,2235.495361328125,865.2747802734375,136.8
9,25,1050.4215087890625,1331.7734375,1315.84130859375,1545.86572265625,90.0
11,25,2140.4658203125,796.1918334960938,2231.515625,862.7276000976562,136.8
9,25,1046.233642578125,1323.47021484375,1315.774169921875,1556.8304443359375,90.0
11,25,2137.127197265625,794.6859130859375,2229.180908203125,860.6654052734375,136.8
9,25,1042.794189453125,1347.443115234375,1317.496826171875,1569.4149169921875,90.0
11,25,2133.4931640625,793.8416748046875,2224.712890625,857.9236450195312,136.8
9,25,1040.070556640625,1355.8399658203125,1317.2552490234375,1583.5242919921875,90.0
11,25,2130.33447265625,790.9242553710938,2220.5146484375,856.0332641601562,136.8
9,25,1036.2939453125,1374.2427978515625,1317.7381591796875,1597.848388671875,90.0
11,25,2127.349365234375,789.5404052734375,2217.812255859375,854.4329833984375,133.20000000000002
9,25,1033.4599609375,1365.740478515625,1317.549560546875,1612.194580078125,90.0
11,25,2124.525390625,787.587890625,2213.92041015625,851.9146728515625,136.8
9,25,1029.2447509765625,1388.83837890625,1318.0087890625,1628.9710693359375,93.60000000000001
11,25,2122.265380859375,785.7132568359375,2209.7392578125,849.933837890625,136.8
9,25,1025.329833984375,1391.05615234375,1318.219482421875,1646.1309814453125,93.60000000000001
11,25,2119.729248046875,785.3779907226562,2206.94384765625,847.8158569335938,136.8
9,25,1021.2386474609375,1397.639892578125,1318.708984375,1658.5595703125,93.60000000000001
11,25,2117.94921875,782.4268798828125,2203.7685546875,845.72314453125,136.8
9,25,1017.66796875,1429.0924072265625,1318.9222412109375,1673.9132080078125,93.60000000000001
11,25,2114.69189453125,780.635009765625,2201.498046875,843.7305908203125,133.20000000000002
9,25,1013.5081787109375,1423.00146484375,1318.172607421875,1694.755615234375,93.60000000000001
11,25,2112.25341796875,777.3387451171875,2197.927734375,841.9515380859375,133.20000000000002
9,25,1009.74169921875,1448.076171875,1318.3033447265625,1712.0306396484375,93.60000000000001
11,25,2107.8154296875,776.8265991210938,2195.20849609375,839.8866577148438,133.20000000000002
9,25,1005.3984375,1452.9136962890625,1318.2850341796875,1730.309326171875,93.60000000000001
11,25,2103.72021484375,775.0985107421875,2192.1083984375,837.0989990234375,133.20000000000002
9,25,1000.6748046875,1459.974609375,1318.1199951171875,1744.7486572265625,93.60000000000001
11,25,2100.202392578125,772.8621826171875,2188.72607421875,835.5384521484375,133.20000000000002
9,25,995.38671875,1479.03173828125,1317.4952392578125,1766.437744140625,93.60000000000001
11,25,2099.431640625,771.3143920898438,2185.611328125,833.3508911132812,136.8
9,25,991.761962890625,1505.292236328125,1318.7276611328125,1784.187255859375,93.60000000000001
11,25,2096.8515625,770.4212036132812,2182.4052734375,831.1631469726562,136.8
9,25,984.8134765625,1531.790771484375,1318.0992431640625,1806.381591796875,93.60000000000001
11,25,2096.195068359375,768.87744140625,2180.14453125,829.5494384765625,136.8
9,25,979.259765625,1533.6807861328125,1317.98291015625,1829.9571533203125,97.2
11,25,2094.463623046875,767.67919921875,2176.552001953125,827.044921875,136.8
9,25,973.6719360351562,1563.6251220703125,1317.840576171875,1845.1783447265625,93.60000000000001
11,25,2091.5849609375,766.5655517578125,2173.8291015625,826.4505615234375,133.20000000000002
9,25,968.0006103515625,1569.7408447265625,1316.882080078125,1870.008544921875,97.2
11,25,2088.9375,763.88818359375,2170.24658203125,823.912353515625,133.20000000000002
9,25,962.3838500976562,1594.5325927734375,1316.49365234375,1894.1605224609375,93.60000000000001
11,25,2085.3125,763.7261352539062,2167.4072265625,821.8104858398438,136.8
9,25,955.2844848632812,1614.022216796875,1315.2520751953125,1918.07470703125,93.60000000000001
11,25,2080.143310546875,760.6671752929688,2165.25,820.3342895507812,133.20000000000002
9,25,947.4144287109375,1634.6689453125,1315.60107421875,1941.07177734375,93.60000000000001
11,25,2079.421875,760.46826171875,2160.77197265625,818.548583984375,133.20000000000002
9,25,942.4599609375,1657.338134765625,1314.1343994140625,1967.912841796875,93.60000000000001
11,25,2077.755859375,758.1736450195312,2159.0419921875,816.5117797851562,133.20000000000002
9,25,932.759765625,1648.81201171875,1312.2978515625,1997.22216796875,97.2
11,25,2076.822509765625,756.3759155273438,2156.101318359375,815.1930541992188,129.6
9,25,925.2262573242188,1695.525390625,1312.2421875,2022.87353515625,97.2
11,25,2071.125,754.9659423828125,2153.52685546875,813.1441650390625,133.20000000000002
9,25,916.89404296875,1717.7391357421875,1311.3046875,2049.73291015625,97.2
11,25,2070.89208984375,754.480224609375,2149.727783203125,811.1480712890625,133.20000000000002
9,25,907.0433349609375,1740.427001953125,1309.8453369140625,2083.216552734375,97.2
11,25,2068.85693359375,752.6984252929688,2147.5087890625,809.9811401367188,133.20000000000002
9,25,898.4038696289062,1763.2833251953125,1308.8814697265625,2112.91943359375,97.2
11,25,2067.66845703125,751.4154052734375,2145.15869140625,807.741943359375,136.8
9,25,890.1287841796875,1787.26904296875,1307.6103515625,2147.485107421875,97.2
11,25,2065.43310546875,749.6685791015625,2142.552001953125,805.9718627929688,136.8
9,25,880.58642578125,1813.1861572265625,1306.9105224609375,2152.60888671875,90.0
11,25,2062.67333984375,748.4322509765625,2139.283935546875,804.4365234375,133.20000000000002
9,25,868.3409423828125,1838.937255859375,1304.6544189453125,2152.358154296875,86.4
11,25,2058.662109375,746.2762451171875,2137.1455078125,803.139892578125,133.20000000000002
9,25,857.2102661132812,1866.1259765625,1302.813232421875,2153.564208984375,82.8
11,25,2057.001953125,744.5465698242188,2134.47119140625,800.7445678710938,136.8
9,25,846.1495971679688,1879.93701171875,1300.5810546875,2155.232177734375,79.2
11,25,2054.826416015625,744.26953125,2131.57666015625,800.114501953125,133.20000000000002
9,25,833.5018310546875,1923.4288330078125,1297.18896484375,2157.37890625,75.60000000000001
